CÓDIGO;PRODUCTO;CATEGORÍA;Unidad de medida;Cantidad x pres.;Peso X presentación;MINORISTA                   Precio x presentación;MAYORISTA                   Precio x presentación;DISTRIBUIDOR                   Precio x presentación
SLTAE1;Arveja entera x 1 kg;SALVE LA TIERRA;KG;1;1;3412,50;2730,00;2620,80
SLTAE25;Arveja entera x 25 kg ;SALVE LA TIERRA;BOLSÓN;25;25;76125,00;60900,00;58464,00
SLTAP1;Arveja partida x 1 kg ;SALVE LA TIERRA;KG;1;1;3575,00;2860,00;2745,60
SLTAP25;Arveja partida x 25 kg ;SALVE LA TIERRA;BOLSÓN;25;25;79750,00;63800,00;61248,00
SLTAA1;Avena arrollada x 1 kg;SALVE LA TIERRA;KG;1;1;4522,38;3617,90;3473,18
SLTAA20;Avena arrollada x 20 kg ;SALVE LA TIERRA;BOLSÓN;20;20;80707,00;64565,60;61982,98
SLTG1;Garbanzo x 1 kg ;SALVE LA TIERRA;KG;1;1;4062,50;3250,00;3120,00
SLTG25;Garbanzo x 25 kg ;SALVE LA TIERRA;BOLSÓN;25;25;90625,00;72500,00;69600,00
SLTL1;Lenteja x 1 kg;SALVE LA TIERRA;KG;1;1;4826,25;3861,00;3706,56
SLTL25;Lenteja x 25 kg ;SALVE LA TIERRA;BOLSÓN;25;25;107662,50;86130,00;82684,80
SLTM1;Mijo pelado x 1 kg;SALVE LA TIERRA;KG;1;1;4225,00;3380,00;3244,80
SLTM25;Mijo pelado x 25 kg;SALVE LA TIERRA;BOLSÓN;25;25;94250,00;75400,00;72384,00
SLTHG5;Harina de garbanzo x 5 kg.;SALVE LA TIERRA;KG;5;5;21093,75;16875,00;16200,00
SLTHG25;Harina de garbanzo x 25 kg ;SALVE LA TIERRA;BOLSÓN;25;25;93750,00;75000,00;72000,00
SLTBOGB;Balanceado p/gallinas x 1 k;SALVE LA TIERRA;KG;1;1; $ -   ; $ -   ; $ -   
SLTBOGB30;Balanceado p/gallinas x 30 kg;SALVE LA TIERRA;BOLSÓN;30;30;32516,25;26013,00;24972,48
SLTLM1;Lino marrón x 1 kg ;SALVE LA TIERRA;KG;1;1;3623,75;2899,00;2783,04
SLTLM25;Lino marrón x 25 kg ;SALVE LA TIERRA;BOLSÓN;25;25;80837,50;64670,00;62083,20
SLTMP1;Maíz pisingallo x 1 kg ;SALVE LA TIERRA;KG;1;1;3575,00;2860,00;2745,60
SLTMP25;Maíz pisingallo x 25 kg ;SALVE LA TIERRA;BOLSÓN;25;25;79750,00;63800,00;61248,00
SLTPAD1;Poroto Adzuki x 1 kg ;SALVE LA TIERRA;KG;1;1;4372,88;3498,30;3358,37
SLTPAD25;Poroto Adzuki x 25 kg ;SALVE LA TIERRA;BOLSÓN;25;25;97548,75;78039,00;74917,44
SLTPAL1;Poroto Alubia x 1 kg ;SALVE LA TIERRA;KG;1;1;4468,75;3575,00;3432,00
SLTPAL25;Poroto Alubia x 25 kg ;SALVE LA TIERRA;BOLSÓN;25;25;99687,50;79750,00;76560,00
SLTPC1;Poroto Colorado x 1 kg ;SALVE LA TIERRA;KG;1;1;4468,75;3575,00;3432,00
SLTPC25;Poroto Colorado x 25 kg ;SALVE LA TIERRA;BOLSÓN;25;25;99687,50;79750,00;76560,00
SLTPS1;Poroto de Soja x 1 kg ;SALVE LA TIERRA;KG;1;1;2096,25;1677,00;1609,92
SLTPS25;Poroto de Soja x 25 kg ;SALVE LA TIERRA;BOLSÓN;25;25;46762,50;37410,00;35913,60
SLTPM1;Poroto Mung x 1 kg ;SALVE LA TIERRA;KG;1;1;3412,50;2730,00;2620,80
SLTPM25;Poroto Mung x 25 kg ;SALVE LA TIERRA;BOLSÓN;25;25;76125,00;60900,00;58464,00
SLTPN1;Poroto Negro x 1 kg ;SALVE LA TIERRA;KG;1;1;4062,50;3250,00;3120,00
SLTPN25;Poroto Negro x 25 kg ;SALVE LA TIERRA;BOLSÓN;25;25;90625,00;72500,00;69600,00
SLTSC1;Semilla de Chia x 1 kg ;SALVE LA TIERRA;KG;1;1;7231,25;5785,00;5553,60
SLTSC25;Semilla de Chia x 25 kg ;SALVE LA TIERRA;BOLSÓN;25;25;161312,50;129050,00;123888,00
SLTSG1;Semilla de Girasol x 1 kg ;SALVE LA TIERRA;KG;1;1;4522,38;3617,90;3473,18
SLTSG20;Semilla de Girasol x 20 kg ;SALVE LA TIERRA;BOLSÓN;20;20;80707,00;64565,60;61982,98
SLTS1;Sésamo x 1 kg ;SALVE LA TIERRA;KG;1;1;5850,00;4680,00;4492,80
SLTS25;Sésamo x 25 kg ;SALVE LA TIERRA;BOLSÓN;25;25;130500,00;104400,00;100224,00
SLTQ1;Quinoa x 1 kg ;SALVE LA TIERRA;KG;1;1; $ -   ; $ -   ; $ -   
SLTQ25;Quinoa x 25 kg ;SALVE LA TIERRA;BOLSÓN;25;25; $ -   ; $ -   ; $ -   
CGSAY1;Arroz yamani x 1 Kg.;CEREALES, GRANOS Y SEMILLAS;KG;1;1;2283,75;1827,00;1753,92
CGSAY30;Arroz yamani x 25 Kg.;CEREALES, GRANOS Y SEMILLAS;BOLSÓN;25;25;54375,00;43500,00;41760,00
CGSAYIO7U;"Arroz Yamani Integral Orgánico ""Schatzi"" x 500 Grs.";CEREALES, GRANOS Y SEMILLAS;UNIDAD;1;0,5;4186,91;3349,53;3215,55
CGSAYIO7C;"Arroz Yamani Integral Orgánico ""Schatzi"" x 500 Grs. CAJA x 20u.";CEREALES, GRANOS Y SEMILLAS;CAJA;20;10;80388,75;64311,00;61738,56
CGSAILF1;Arroz integral largo fino x 1 Kg.;CEREALES, GRANOS Y SEMILLAS;KG;1;1; $ -   ; $ -   ; $ -   
CGSAILF25;Arroz integral largo fino x 25 Kg.;CEREALES, GRANOS Y SEMILLAS;BOLSÓN;25;25; $ -   ; $ -   ; $ -   
CGSAILO7U;"Arroz Integral Largo Orgánico ""Schatzi"" x 750 Grs.";CEREALES, GRANOS Y SEMILLAS;UNIDAD;1;0,75;4704,31;3763,45;3612,91
CGSAILO7C;"Arroz Integral Largo Orgánico ""Schatzi"" x 750 Grs. CAJA x 12u.";CEREALES, GRANOS Y SEMILLAS;CAJA;12;9;54138,09;43310,48;41578,06
CGSABO7U;"Arroz Blanco Orgánico ""Schatzi"" x 750 Grs.";CEREALES, GRANOS Y SEMILLAS;UNIDAD;1;0,75;5546,87;4437,50;4260,00
CGSABO7C;"Arroz Blanco Orgánico ""Schatzi"" x 750 Grs. CAJA x 12u.";CEREALES, GRANOS Y SEMILLAS;CAJA;12;9;63834,47;51067,58;49024,87
CGSGOM4U;"Granola Orgánica con Manzana ""Schatzi"" x 400 Grs.";CEREALES, GRANOS Y SEMILLAS;UNIDAD;1;0,4;5792,62;4634,09;4448,73
CGSGOM4C;"Granola Orgánica con Manzana ""Schatzi"" x 400 Grs. CAJA x 8u.";CEREALES, GRANOS Y SEMILLAS;CAJA;8;3,2;44441,72;35553,38;34131,24
CGSGOM1U;"Granola Orgánica con Manzana ""Schatzi"" x 1,5 Kg.";CEREALES, GRANOS Y SEMILLAS;BOLSA;1;1,5;16139,91;12911,93;12395,45
CGSGID4U;"Granola Integral Desayuno ""Schatzi"" x 400 Grs.";CEREALES, GRANOS Y SEMILLAS;UNIDAD;1;0,4;5792,62;4634,09;4448,73
CGSGID4C;"Granola Integral Desayuno ""Schatzi"" x 400 Grs. CAJA x 8U.";CEREALES, GRANOS Y SEMILLAS;CAJA;8;3,2;44441,72;35553,38;34131,24
CGSGID1U;"Granola Integral Desayuno ""Schatzi"" x 1,5 Kg.";CEREALES, GRANOS Y SEMILLAS;BOLSA;1;1,5;16139,91;12911,93;12395,45
CGSGP4U;"Granola Potencia ""Schatzi"" x 400 Grs.";CEREALES, GRANOS Y SEMILLAS;UNIDAD;1;0,4;5792,62;4634,09;4448,73
CGSGP4C;"Granola Potencia ""Schatzi"" x 400 Grs. CAJA x 8U.";CEREALES, GRANOS Y SEMILLAS;CAJA;8;3,2;44441,72;35553,38;34131,24
CGSGP1U;"Granola Potencia ""Schatzi"" x 1,5 Kg.";CEREALES, GRANOS Y SEMILLAS;BOLSA;1;1,5; $ -   ; $ -   ; $ -   
CGSPSTO2U;"Proteina de soja texturizada Orgánica ""Schatzi"" x 200 Grs.";CEREALES, GRANOS Y SEMILLAS;UNIDAD;1;0,2;2902,16;2321,73;2228,86
CGSPSTO2C;"Proteina de soja texturizada Orgánica ""Schatzi"" x 200 Grs. CAJA x 9";CEREALES, GRANOS Y SEMILLAS;CAJA;9;1,8;25048,97;20039,18;19237,61
CGSPSTO1U;"Proteina de soja texturizada Orgánica ""Schatzi"" x 1 Kg.";CEREALES, GRANOS Y SEMILLAS;BOLSA;1;1;8494,69;6795,75;6523,92
CGSCMSAZ;Copos de maiz SIN AZUCAR;CEREALES, GRANOS Y SEMILLAS;BOLSA;3,5;3,5;11437,50;9150,00;8784,00
CGSCMCAZ;Copos de maiz CON AZUCAR;CEREALES, GRANOS Y SEMILLAS;BOLSA;4;4;15230,00;12184,00;11696,64
CGSSCT1;Semilla de Chia TRADICIONAL x 1 kg ;CEREALES, GRANOS Y SEMILLAS;KG;1;1;3250,00;2600,00;2496,00
CGSSCT25;Semilla de Chia TRADICIONAL x 25 kg ;CEREALES, GRANOS Y SEMILLAS;BOLSÓN;25;25;72500,00;58000,00;55680,00
CGSSGT1;Semilla de Girasol TRADICIONAL x 1 kg ;CEREALES, GRANOS Y SEMILLAS;KG;1;1;2356,25;1885,00;1809,60
CGSSGT20;Semilla de Girasol TRADICIONAL x 20 kg ;CEREALES, GRANOS Y SEMILLAS;BOLSÓN;20;20;42050,00;33640,00;32294,40
CGSSZAA1;Semillas de Zapallo - AA x 1 Kg.;CEREALES, GRANOS Y SEMILLAS;KG;1;1;14850,00;11880,00;11404,80
CGSSZAA5;Semillas de Zapallo - AA x 5 Kg.;CEREALES, GRANOS Y SEMILLAS;BOLSA;5;5;71156,25;56925,00;54648,00
CGSAI1;Avena instantanea x 1 Kg.;CEREALES, GRANOS Y SEMILLAS;KG;1;1;1787,50;1430,00;1372,80
CGSAI30;Avena instantanea x 30 Kg.;CEREALES, GRANOS Y SEMILLAS;BOLSÓN;30;30;49500,00;39600,00;38016,00
CGSAAO05U;"Avena arrollada orgánica ""CAMPO CLARO"" x 500 Grs.";CEREALES, GRANOS Y SEMILLAS;UNIDAD;1;0,5;2314,57;1851,65;1777,59
CGSAAO05C;"Avena arrollada orgánica ""CAMPO CLARO"" x 500 Grs. CAJA X 10 u.";CEREALES, GRANOS Y SEMILLAS;CAJA;10;5;22219,83;17775,87;17064,83
CGSAAO4;"Avena arrollada orgánica ""CAMPO CLARO"" x 4 Kg.";CEREALES, GRANOS Y SEMILLAS;BOLSA;4;4; $ -   ; $ -   ; $ -   
CGSAAO25;"Avena arrollada orgánica ""CAMPO CLARO"" x 25 Kg.";CEREALES, GRANOS Y SEMILLAS;BOLSA;25;25; $ -   ; $ -   ; $ -   
CGSPIO05U;"Polenta Inst. ""DEL CAMPO"" - Orgánica SIN TACC - u. x 500 Grs.";CEREALES, GRANOS Y SEMILLAS;UNIDAD;1;0,5;1087,44;869,95;835,15
CGSPIO05P;"Polenta Inst. ""DEL CAMPO"" - Orgánica SIN TACC - PACK x 20 u.";CEREALES, GRANOS Y SEMILLAS;PACK;20;10;20161,25;16129,00;15483,84
HCC11;"Harina Integral Pan ""CAMPO CLARO"" - x 1 Kg.";HARINAS;UNIDAD;1;1;2748,71;2198,97;2111,01
HCC10;"Harina Integral Pan ""CAMPO CLARO"" - x 1 Kg. CAJA x 10 u.";HARINAS;CAJA;10;10;26387,60;21110,08;20265,68
HCC5;"Harina Integral Pan ""CAMPO CLARO"" - x 5 Kg.";HARINAS;BOLSA;5;5;12132,64;9706,12;9317,87
HCC25;"Harina Integral Pan ""CAMPO CLARO"" - x 25 Kg.";HARINAS;BOLSA;25;25;47180,27;37744,21;36234,44
HMT31;"Harina de Trigo Integral Organica 000 ""MAYAL"" - x 1 Kg";HARINAS;KG;1;1;2160,00;1728,00;1658,88
HMT35;"Harina de Trigo Integral Organica 000 ""MAYAL"" - x 5 Kg";HARINAS;BOLSA;5;5;9712,50;7770,00;7459,20
HMT325;"Harina de Trigo Integral Organica 000 ""MAYAL"" - x 25 Kg";HARINAS;BOLSA;25;25;44460,00;35568,00;34145,28
HMT41;"Harina de Trigo Integral Organica 0000 ""MAYAL"" - x 1 Kg";HARINAS;KG;1;1;2340,00;1872,00;1797,12
HMT45;"Harina de Trigo Integral Organica 0000 ""MAYAL"" - x 5 Kg";HARINAS;BOLSA;5;5;10882,50;8706,00;8357,76
HMT425;"Harina de Trigo Integral Organica 0000 ""MAYAL"" - x 25 Kg";HARINAS;BOLSA;25;25;49380,00;39504,00;37923,84
HMC1;"Harina Centeno Organica ""MAYAL"" - x 1 Kg";HARINAS;KG;1;1;3294,00;2635,20;2529,79
HMC5;"Harina Centeno Organica ""MAYAL"" - x 5 Kg";HARINAS;BOLSA;5;5;15234,75;12187,80;11700,29
HMC20;"Harina Centeno Organica ""MAYAL"" - x 20 Kg";HARINAS;BOLSA;20;20;55449,00;44359,20;42584,83
HME1;"Harina Espelta ""MAYAL"" x 1 kg.";HARINAS;KG;1;1;4755,00;3804,00;3651,84
HME5;"Harina Espelta ""MAYAL"" x 5 kg.";HARINAS;BOLSA;5;5;22260,00;17808,00;17095,68
HMM1;"Harina de maiz ""MAYAL"" x 1 kg.";HARINAS;KG;1;1;2055,00;1644,00;1578,24
HMM5;"Harina de maiz ""MAYAL"" x 5 kg.";HARINAS;BOLSA;5;5;9292,50;7434,00;7136,64
HHAP1;Harina de Almendra SIN PIEL 100% PURA;HARINAS;KG;1;1;18910,00;15128,00;14522,88
HA1;Harina de Almendra mezcla x 1 Kg.;HARINAS;KG;1;1;4062,50;3250,00;3120,00
HA10;Harina de Almendra mezcla x 10 Kg.;HARINAS;PACK;10;10;37500,00;30000,00;28800,00
HFM1;"Fécula de Mandioca ""ALDEMA"" x 1 Kg.";HARINAS;UNIDAD;1;1; $ -   ; $ -   ; $ -   
HFM1B;"Fécula de Mandioca ""ALDEMA"" x BOLSA 10 u. x 1 Kg.";HARINAS;PACK;10;10; $ -   ; $ -   ; $ -   
HFAG1;"Fécula de Mandioca ""AG"" x 1 Kg.";HARINAS;UNIDAD;1;1;1625,00;1300,00;1248,00
HFM25;Fécula de Mandioca  x 25 Kg.;HARINAS;BOLSA;25;25;31500,00;25200,00;24192,00
HMP1;"Maca peruana "" Kallpa""  x 500 grs.";HARINAS;UNIDAD;1;0,5;1543,75;1235,00;1185,60
HMP100;"Maca peruana "" Kallpa"" BOLSA x 100 u.";HARINAS;BOLSÓN;100;50;142500,00;114000,00;109440,00
HMPR1;"Maca peruana "" Kallpa"" ROJA x 500 grs.";HARINAS;UNIDAD;1;0,5;1328,13;1062,50;1020,00
HMPN1;Maca peruana NEGRA x 150 grs.;HARINAS;UNIDAD;1;0,2;1300,00;1040,00;998,40
HLEF25;"Harina integral ""LILEN"" PASTELERIA X25K";HARINAS;BOLSA;25;25;16506,66;13205,33;12677,11
HLMSEF;"Harina integral de trigo 0000 ""LOMA BRAVA"" 25k";HARINAS;BOLSA;25;25;35156,25;28125,00;27000,00
HLMC20;"Harina de centeno 0000 ""LOMA BRAVA"" 20K";HARINAS;BOLSA;20;20;50375,00;40300,00;38688,00
HLMMM5;"Harina de maiz MORADO x 5K ""LOMA BRAVA""";HARINAS;BOLSA;5;5; $ -   ; $ -   ; $ -   
HLMSB1;"Harina de SORGO BLANCO x 1 kg""LOMA BRAVA"" ";HARINAS;UNIDAD;1;1; $ -   ; $ -   ; $ -   
FITCC1;"Fideos Int. Pan. Tallarin ""CAMPO CLARO"" x 500 Grs.";FIDEOS;UNIDAD;1;0,5; $ -   ; $ -   ; $ -   
FITCC12;"Fideos Int. Pan. Tallarin ""CAMPO CLARO"" CAJA 12 u. x 500 Grs.";FIDEOS;CAJA;12;6; $ -   ; $ -   ; $ -   
FEFCC1;"Fideos Espinaca Fettuccine ""CAMPO CLARO"" x 500 Grs.";FIDEOS;UNIDAD;1;0,5;3228,31;2582,64;2479,34
FEFCC12;"Fideos Espinaca Fettuccine CAJA ""CAMPO CLARO"" 12 u. x 500 Grs.";FIDEOS;CAJA;12;6;37190,08;29752,07;28561,98
FIGCC1;"Fideos Integral  GARBANZO CODITOS ""CAMPO CLARO"" x 500 Grs.";FIDEOS;UNIDAD;1;0,5;2674,87;2139,89;2054,30
FIGCC12;"Fideos Integral GARBANZO CODITOS ""CAMPO CLARO"" x CAJA x 12 u.";FIDEOS;CAJA;12;6;30814,46;24651,57;23665,51
DAR1;Arándano rojo x 1 Kg.;DESHIDRATADOS;KG;1;1;11200,00;8960,00;8601,60
DAR11;Arándano rojo x CAJA de 11,34 Kg.;DESHIDRATADOS;CAJA;11,34;11,34;125874,00;100699,20;96671,23
DAM1;Azucar Mascabo x 1 Kg.;DESHIDRATADOS;KG;1;1;1925,00;1540,00;1478,40
DAMCC;Azucar Mascabo x 100 Kg.;DESHIDRATADOS;PALLET;100;100;165000,00;132000,00;126720,00
DAOS05;"Azucar Orgánico ""Schatzi"" x 500 Grs.";DESHIDRATADOS;UNIDAD;1;0,5;3321,47;2657,18;2550,89
DAOS16;"Azucar Orgánico ""Schatzi"" x 500 Grs. CAJA x 16 u.";DESHIDRATADOS;CAJA;16;8;48026,06;38420,85;36884,02
DAOSU3;"Azucar Orgánico ""Schatzi"" x 3 Kg.";DESHIDRATADOS;BOLSA;3;3;13591,50;10873,20;10438,27
DAOSU25;"Azucar Orgánico ""Schatzi"" x 25 Kg.";DESHIDRATADOS;BOLSÓN;25;25; $ -   ; $ -   ; $ -   
DAOSI25;"Azucar Orgánico ""SAN ISIDRO"" x 25 Kg.";DESHIDRATADOS;BOLSÓN;25;25; $ -   ; $ -   ; $ -   
DBGO1;jumbo especial;DESHIDRATADOS;UNIDAD;1;1;5250,00;4200,00;4032,00
DCB1;Chip de bananita x 1 Kg.;DESHIDRATADOS;KG;1;1;7375,00;5900,00;5664,00
DCB68;Chip de bananita x CAJA de 6,80 Kg.;DESHIDRATADOS;CAJA;6,8;6,8;48025,00;38420,00;36883,20
DCPG1;Ciruela Presidente - grande x 1 Kg.;DESHIDRATADOS;KG;1;1;8752,65;7002,12;6722,04
DCPG5;Ciruela Presidente - grande x CAJA de 5 Kg.;DESHIDRATADOS;CAJA;5;5;41908,88;33527,10;32186,02
DCPM1;Ciruela Presidente - mediana x 1 Kg.;DESHIDRATADOS;KG;1;1;6401,50;5121,20;4916,35
DCPM5;Ciruela Presidente - mediana x CAJA de 5 Kg.;DESHIDRATADOS;CAJA;5;5;30651,25;24521,00;23540,16
DCBSC1;Ciruela bombón sin carozo x 1 Kg.;DESHIDRATADOS;KG;1;1;4012,00;3209,60;3081,22
DCBSC5;Ciruela bombón sin carozo x CAJA de 5 Kg.;DESHIDRATADOS;CAJA;5;5;19210,00;15368,00;14753,28
DCCC1;Ciruela con carozo x 1 Kg.;DESHIDRATADOS;KG;1;1;3879,25;3103,40;2979,26
DCCC10;Ciruela con carozo x CAJA de 10 Kg.;DESHIDRATADOS;CAJA;10;10;37148,75;29719,00;28530,24
DCHF1;Coco rallado x 1 Kg.;DESHIDRATADOS;KG;1;1;7725,00;6180,00;5932,80
DCHF25;Coco rallado x 25 Kg.;DESHIDRATADOS;BOLSÓN;25;25;185078,13;148062,50;142140,00
DCEHF1;Coco en escamas x 1 Kg.;DESHIDRATADOS;KG;1;1;10075,00;8060,00;7737,60
DCEHF10;Coco en escamas x 10 Kg.;DESHIDRATADOS;CAJA;10;10;93000,00;74400,00;71424,00
DDT1;Damasco turco x 1 Kg.;DESHIDRATADOS;KG;1;1; $ -   ; $ -   ; $ -   
DDT5;Damasco turco x CAJA de 5 Kg.;DESHIDRATADOS;CAJA;5;5; $ -   ; $ -   ; $ -   
DDI1;Datil EGIPTO x 1 Kg.;DESHIDRATADOS;KG;1;1;7015,00;5612,00;5387,52
DDI5;Datil EGIPTO x CAJA de 5 Kg.;DESHIDRATADOS;CAJA;5;5;33062,50;26450,00;25392,00
DDA1;Datil Argelia x 1 Kg.;DESHIDRATADOS;KG;1;1;9690,00;7752,00;7441,92
DDA5;Datil Argelia x CAJA de 5 Kg.;DESHIDRATADOS;CAJA;5;5;46431,25;37145,00;35659,20
DDM1;Datil Medjoul ISRAEL x 1 Kg.;DESHIDRATADOS;KG;1;1;24343,75;19475,00;18696,00
DDM5;Datil Medjoul ISRAEL CAJA x 5 Kg.;DESHIDRATADOS;CAJA;5;5;114902,50;91922,00;88245,12
DDMM1;Datil Medjoul MEXICO x 1 Kg.;DESHIDRATADOS;KG;1;1; $ -   ; $ -   ; $ -   
DDMM5;Datil Medjoul MEXICO x CAJA de 5 Kg.;DESHIDRATADOS;CAJA;5;5; $ -   ; $ -   ; $ -   
DDUM1;Durazno en mitades x 1 Kg.;DESHIDRATADOS;KG;1;1;10620,00;8496,00;8156,16
DDUM5;Durazno en mitades x CAJA de 5 Kg.;DESHIDRATADOS;CAJA;5;5;50850,00;40680,00;39052,80
DHN1;Higo Negro x 1 Kg.;DESHIDRATADOS;KG;1;1;5610,00;4488,00;4308,48
DHN5;Higo Negro x CAJA de 5 Kg.;DESHIDRATADOS;CAJA;5;5;26881,25;21505,00;20644,80
DHTC1;Higo Turco Suer x 1 Kg.;DESHIDRATADOS;KG;1;1; $ -   ; $ -   ; $ -   
DHTC5;Higo Turco Suer CAJA x 5 Kg.;DESHIDRATADOS;CAJA;5;5; $ -   ; $ -   ; $ -   
DHTL1;Higo turco Lerida x 1 kg.;DESHIDRATADOS;KG;1;1; $ -   ; $ -   ; $ -   
DHTL25;Higo turco Lerida CAJA X 2,5;DESHIDRATADOS;CAJA;2,5;2,5; $ -   ; $ -   ; $ -   
DHC1;Hongo chileno x 1 Kg.;DESHIDRATADOS;KG;1;1;18300,00;14640,00;14054,40
DHC15;Hongo chileno x 15 kg;DESHIDRATADOS;BOLSÓN;15;15;258750,00;207000,00;198720,00
DMFO1;Maiz frito - ORIGINAL x 1 Kg.;DESHIDRATADOS;KG;1;1;9609,38;7687,50;7380,00
DMFO5;Maiz frito - ORIGINAL x 5 Kg.;DESHIDRATADOS;KG;5;5;46093,75;36875,00;35400,00
DMFB1;Maiz frito - BARBACOA x 1 Kg.;DESHIDRATADOS;KG;1;1;10325,00;8260,00;7929,60
DMFB5;Maiz frito - BARBACOA x 5 Kg.;DESHIDRATADOS;KG;5;5;49437,50;39550,00;37968,00
DMFMM1;Maiz frito - MOSTAZA Y MIEL x 1 Kg.;DESHIDRATADOS;KG;1;1;10325,00;8260,00;7929,60
DMFMM5;Maiz frito - MOSTAZA Y MIEL x 5 Kg.;DESHIDRATADOS;KG;5;5;50312,50;40250,00;38640,00
DPJ1;Pasas Jumbo x 1 Kg.;DESHIDRATADOS;KG;1;1;4631,50;3705,20;3556,99
DPJ10;Pasas Jumbo CAJA x 10 Kg.;DESHIDRATADOS;CAJA;10;10;44352,50;35482,00;34062,72
DPF1;Pasas Flame x 1 Kg.;DESHIDRATADOS;KG;1;1;3245,00;2596,00;2492,16
DPF10;Pasas Flame CAJA x 10 Kg.;DESHIDRATADOS;CAJA;10;10;31075,00;24860,00;23865,60
DPR1;Pasas rubias sin semillas x 1 Kg.;DESHIDRATADOS;KG;1;1;7080,00;5664,00;5437,44
DPR10;Pasas rubias sin semillas x 10 Kg.;DESHIDRATADOS;CAJA;10;10;67800,00;54240,00;52070,40
DPRE1;Pasas ROSADA x 1 Kg.;DESHIDRATADOS;KG;1;1;3392,50;2714,00;2605,44
DPRE10;Pasas ROSADA  x 10 Kg.;DESHIDRATADOS;CAJA;10;10;32487,50;25990,00;24950,40
DPD1;Pera disecada x 1 Kg.;DESHIDRATADOS;KG;1;1;9840,00;7872,00;7557,12
DPD5;Pera disecada x CAJA de 5 Kg.;DESHIDRATADOS;CAJA;5;5;47150,00;37720,00;36211,20
DTD1;Tomate deshidratado x 1 Kg.;DESHIDRATADOS;KG;1;1;13407,75;10726,20;10297,15
DTD5;Tomate deshidratado x 5 Kg.;DESHIDRATADOS;CAJA;5;5;64198,13;51358,50;49304,16
FSAN1;Almendra nompareil x 1 Kg.;FRUTOS SECOS;KG;1;1;14662,50;11730,00;11260,80
FSAN10;Almendra nompareil CAJA x 10 Kg.;FRUTOS SECOS;CAJA;10;10;142800,00;114240,00;109670,40
FSAR1;Almendra ramillada x 1 Kg.;FRUTOS SECOS;KG;1;1;11850,00;9480,00;9100,80
FSAR10;Almendra ramillada CAJA x 10 Kg.;FRUTOS SECOS;CAJA;10;10;112575,00;90060,00;86457,60
FSAE1;Almendra económica x 1 Kg.;FRUTOS SECOS;KG;1;1;13747,50;10998,00;10558,08
FSAE10;Almendra económica CAJA x 10 Kg.;FRUTOS SECOS;CAJA;10;10;132775,00;106220,00;101971,20
FSAM1;Avellana - Mediana x 1 Kg.;FRUTOS SECOS;KG;1;1; $ -   ; $ -   ; $ -   
FSAM10;Avellana - Mediana x 10 Kg.;FRUTOS SECOS;CAJA;10;10; $ -   ; $ -   ; $ -   
FSAG1;Avellana - Grande x 1 Kg.;FRUTOS SECOS;KG;1;1;22137,50;17710,00;17001,60
FSAG10;Avellana - Grande CAJA x 10 Kg.;FRUTOS SECOS;CAJA;10;10;215600,00;172480,00;165580,80
FSCNV1;Castaña de caju VIETNAM - NATURAL x 1 Kg.;FRUTOS SECOS;KG;1;1;12362,50;9890,00;9494,40
FSCNV22;Castaña de caju VIETNAM- NATURAL x CAJA x 20 Kg.;FRUTOS SECOS;CAJA;20;20;240800,00;192640,00;184934,40
FSCN1;Castaña de caju BRASIL- NATURAL x 1 Kg.;FRUTOS SECOS;KG;1;1;12793,75;10235,00;9825,60
FSCN22;Castaña de caju BRASIL- NATURAL x CAJA de 22,68 Kg.;FRUTOS SECOS;CAJA;22,68;22,68;282592,80;226074,24;217031,27
FSCT1;Castaña de caju -TOSTADA x 1 Kg.;FRUTOS SECOS;KG;1;1;13512,50;10810,00;10377,60
FSCT22;Castaña de caju -TOSTADA x CAJA de 22,68 Kg.;FRUTOS SECOS;CAJA;22,68;22,68;298468,80;238775,04;229224,04
FSCTS1;Castaña de caju -SALADA x 1 Kg.;FRUTOS SECOS;KG;1;1;13656,25;10925,00;10488,00
FSTS22;Castaña de caju -SALADA x CAJA de 22,68 Kg.;FRUTOS SECOS;CAJA;22,68;22,68;301644,00;241315,20;231662,59
FSCPP1;Castaña de pará entera x 1 Kg.;FRUTOS SECOS;KG;1;1;17552,50;14042,00;13480,32
FSCPP20;Castaña de pará entera x 20 Kg.;FRUTOS SECOS;CAJA;20;20;336175,00;268940,00;258182,40
FSMC1;Mani con cáscara x 1 Kg.;FRUTOS SECOS;KG;1;1;3828,13;3062,50;2940,00
FSMC5;Mani con cáscara x 5 Kg.;FRUTOS SECOS;BOLSÓN;5;5;17915,63;14332,50;13759,20
FSMTS1;Mani tostado - SALADO x 1 Kg.;FRUTOS SECOS;KG;1;1;3150,00;2520,00;2419,20
FSMTS25;Mani tostado - SALADO x 25 Kg.;FRUTOS SECOS;BOLSÓN;25;25;75468,75;60375,00;57960,00
FSMT1;Mani tostado - SIN SAL x 1 Kg.;FRUTOS SECOS;KG;1;1;3150,00;2520,00;2419,20
FSMT25;Mani tostado - SIN SAL x 25 Kg.;FRUTOS SECOS;BOLSÓN;25;25;75468,75;60375,00;57960,00
FSNC1;Nuez con cáscara x 1 Kg.;FRUTOS SECOS;KG;1;1;5850,00;4680,00;4492,80
FSNC10;Nuez con cáscara x 10 Kg.;FRUTOS SECOS;BOLSÓN;10;10;56062,50;44850,00;43056,00
FSNE1;Nuez mariposa extra light x 1 Kg.;FRUTOS SECOS;KG;1;1;13570,00;10856,00;10421,76
FSNE10;Nuez mariposa extra light CAJA x 10 Kg.;FRUTOS SECOS;CAJA;10;10;129950,00;103960,00;99801,60
FSNL1;Nuez mariposa light x 1 Kg.;FRUTOS SECOS;KG;1;1;12832,50;10266,00;9855,36
FSNL10;Nuez mariposa light CAJA x 10 Kg.;FRUTOS SECOS;CAJA;10;10;122887,50;98310,00;94377,60
FSNEC1;Nuez cuartos extra light x 1 Kg;FRUTOS SECOS;KG;1;1;12980,00;10384,00;9968,64
FSNEC10;Nuez cuartos extra ligth CAJA x 10 Kg.;FRUTOS SECOS;CAJA;10;10;124300,00;99440,00;95462,40
FSNP1;Nuez pecan x 1 kg.;FRUTOS SECOS;KG;1;1;18734,38;14987,50;14388,00
FSNP10;Nuez pecan x 10 kg.;FRUTOS SECOS;CAJA;10;10;176852,50;141482,00;135822,72
FSPTS1;Pistacho tostado y salado x 1 Kg.;FRUTOS SECOS;KG;1;1;26032,50;20826,00;19992,96
FSPTS10;Pistacho tostado y salado x CAJA de 10 Kg.;FRUTOS SECOS;CAJA;10;10;249200,00;199360,00;191385,60
MMC1;Mix clásico x 1 Kg. (pasa rubias y negras, caju, nuez, almendra);MIXES;KG;1;1;9747,69;7798,15;7486,22
MMC10;Mix clásico x 10 kg.(pasa rubias y negras, caju, nuez, almendra);MIXES;PACK;10;10;94086,38;75269,10;72258,34
MMCM1;Mix clásico (c/ mani) x 1 Kg.(pasa rubias y negras, caju, nuez, almendra,mani);MIXES;KG;1;1;8626,20;6900,96;6624,92
MMCM12;Mix clásico (c/ mani) x 12 kg.(pasa rubias y negras, caju, nuez, almendra,mani);MIXES;PACK;12;12;99913,88;79931,10;76733,86
MMS1;Mix seco x 1 Kg.(avellanas, nuez, caju, almendra);MIXES;KG;1;1;14418,13;11534,50;11073,12
MMS10;Mix seco x 10 kg.(avellanas, nuez, caju,almendra);MIXES;PACK;10;10;139166,25;111333,00;106879,68
MMSM1;Mix seco (c/ mani) x 1 Kg.(avellanas, nuez, caju,almendra,mani);MIXES;KG;1;1;12518,23;10014,58;9614,00
MMSM12;Mix seco (c/ mani) x 12kg.(avellanas, nuez, caju, almendra,mani);MIXES;PACK;12;12;144993,75;115995,00;111355,20
MMT1;Mix tropical x 1 Kg.(pasa rubias y negras, caju, nuez, almendra, bananita);MIXES;KG;1;1;7618,75;6095,00;5851,20
MMT12;Mix tropical x 12kg.(pasa rubias y negras, caju, nuez, almendra, bananita);MIXES;PACK;12;12;88245,00;70596,00;67772,16
MMG1;Mix Grace x 1 Kg.(pasa rubias y negras, caju, nuez, almendra,mani,girasol);MIXES;KG;1;1; $ -   ; $ -   ; $ -   
MMG10;Mix Grace x 10kg.(pasa rubias y negras, caju, nuez, almendra,mani,girasol);MIXES;PACK;10;10; $ -   ; $ -   ; $ -   
MMEC1;Mix economico x 6 Kg.(mani,pasas rubias y negras, caju, nuez, almendra);MIXES;KG;6;1;33421,88;26737,50;25668,00
MMEC12;Mix economico x 12 Kg.(mani,pasas rubias y negras, caju, nuez, almendra);MIXES;PACK;12;12;64518,75;51615,00;49550,40
MMECC1;Mix CARLA x 5 Kg.(mani, pasas rubias y negras, nuez, almendra);MIXES;KG;5;1;28762,50;23010,00;22089,60
MMECC10;Mix CARLA x 10 Kg.(mani, pasas rubias y negras, nuez, almendra);MIXES;PACK;10;10;56062,50;44850,00;43056,00
MMST5;Mix de Semillas x 5 Kg. (Sesamo, girasol, lino marron);MIXES;KG;5;5;13125,00;10500,00;10080,00
AACS32501;"Aceite de coco  ""SITARAM"" X 250 cc.";ACEITES;UNIDAD;1;0,25;4764,38;3811,50;3659,04
AACS25012;"Aceite de coco  ""SITARAM"" X 250 cc. PACK x 20";ACEITES;PACK;20;5;91350,00;73080,00;70156,80
AACS3601;"Aceite de coco  ""SITARAM"" X 360 cc.";ACEITES;UNIDAD;1;0,36;4991,25;3993,00;3833,28
AACS36012;"Aceite de coco  ""SITARAM"" X 360 cc. PACK x 20";ACEITES;PACK;20;7,2;95700,00;76560,00;73497,60
AACS6601;"Aceite de coco  ""SITARAM"" X 660 cc.";ACEITES;UNIDAD;1;0,66;9453,13;7562,50;7260,00
AACS66012;"Aceite de coco virgen ""SITARAM"" X 660 cc. PACK x 12";ACEITES;PACK;12;7,92;108750,00;87000,00;83520,00
AACV2501;"Aceite de coco ""VALLE ORGÁNICO"" x Bot. 250 Cc.";ACEITES;UNIDAD;1;0,25; $ -   ; $ -   ; $ -   
AACV250P;"Aceite de coco ""VALLE ORGÁNICO"" x Bot. 250 Cc. PACK x 20u.";ACEITES;PACK;20;20; $ -   ; $ -   ; $ -   
AACV3601;"Aceite de coco ""VALLE ORGÁNICO"" x Frasco 360 Cc.";ACEITES;UNIDAD;1;0,36;5891,19;4712,95;4524,43
AACV360P;"Aceite de coco ""VALLE ORGÁNICO"" x Frasco 360 Cc. PACK x 20 u.";ACEITES;PACK;20;20;112955,00;90364,00;86749,44
AAOSNP11;"Aceite de Oliva ""SAN NICOLAS"" x Pet 250 Cc.";ACEITES;UNIDAD;1;0,25;7019,55;5615,64;5391,02
AAOSNP12;"Aceite de Oliva ""SAN NICOLAS"" x Pet 250 Cc. PACK x 20u.";ACEITES;PACK;20;20;134391,45;107513,16;103212,63
AAOSNP21;"Aceite de Oliva ""SAN NICOLAS"" x Pet 500 Cc.";ACEITES;UNIDAD;1;0,5;12777,26;10221,81;9812,94
AAOSNP22;"Aceite de Oliva ""SAN NICOLAS"" x Pet 500 Cc. PACK x 20 u.";ACEITES;PACK;20;20;244624,51;195699,61;187871,62
AAOSNP31;"Aceite de Oliva ""SAN NICOLAS"" x Pet 1 Lt.";ACEITES;UNIDAD;1;1;23293,76;18635,01;17889,61
AAOSNP32;"Aceite de Oliva ""SAN NICOLAS"" x Pet 1 Lt. PACK x 12u.";ACEITES;PACK;12;12;267579,59;214063,67;205501,13
AAOSNP41;"Aceite de Oliva ""SAN NICOLAS"" x Pet 2 Lts.";ACEITES;UNIDAD;1;2;44622,64;35698,11;34270,18
AAOSNP42;"Aceite de Oliva ""SAN NICOLAS"" x Pet 2 Lts. PACK x 6u";ACEITES;PACK;6;12;256294,11;205035,29;196833,88
AAOSNP51;"Aceite OLIVA ""SAN NICOLAS"" x Pet 5 Lts.";ACEITES;UNIDAD;1;5;103727,26;82981,81;79662,54
AAOSNP52;"Aceite OLIVA ""SAN NICOLAS"" x Pet 5 Lts. CAJA x 2 U.";ACEITES;PACK;2;10;198588,95;158871,16;152516,31
AAOSNV11;"Aceite de Oliva ""SAN NICOLAS"" x Vidrio 250 Cc.";ACEITES;UNIDAD;1;0,25;7959,44;6367,55;6112,85
AAOSNV12;"Aceite de Oliva ""SAN NICOLAS"" x Vidrio 250 Cc. PACK x 20 u.";ACEITES;PACK;20;5;149824,78;119859,83;115065,43
AAOSNV21;"Aceite de Oliva ""SAN NICOLAS"" x Vidrio 500 Cc.";ACEITES;UNIDAD;1;0,5;13334,08;10667,27;10240,58
AAOSNV22;"Aceite de Oliva ""SAN NICOLÁS"" x Vidrio 500 Cc. PACK x 20 u.";ACEITES;PACK;20;10;255285,02;204228,02;196058,90
AAOSNV31;"Aceite de Oliva ""SAN NICOLÁS"" x Vidrio 1 Lt.";ACEITES;UNIDAD;1;1;26775,16;21420,13;20563,32
AAOSNV32;"Aceite de Oliva ""SAN NICOLAS"" x Vidrio 1 Lt. PACK x 12 u.";ACEITES;PACK;12;12;307571,04;246056,83;236214,56
AGALCC11;"Aceite GIRASOL  ""CAMPO CLARO"" Vidrio x 500 Cc.";ACEITES;UNIDAD;1;0,5;4007,49;3205,99;3077,75
AGALCC12;"Aceite GIRASOL  ""CAMPO CLARO"" Vidrio x 500 Cc. CAJA x 10u.";ACEITES;PACK;10;5;38471,90;30777,52;29546,42
AGALCC21;"Aceite GIRASOL  ""CAMPO CLARO"" Vidrio x 1 Lt.";ACEITES;UNIDAD;1;1; $ -   ; $ -   ; $ -   
AGALCC22;"Aceite GIRASOL  ""CAMPO CLARO"" Vidrio x 1 Lt. CAJA x 6 u.";ACEITES;PACK;6;6; $ -   ; $ -   ; $ -   
ALCC11;"Aceite LINO "" CAMPO CLARO"" x 250 Cc.";ACEITES;UNIDAD;1;0,25;5809,06;4647,25;4461,36
ALCC12;"Aceite LINO "" CAMPO CLARO"" x 250 Cc. CAJA x 10";ACEITES;CAJA;10;2,5;55821,42;44657,13;42870,85
ALAO1;Leche de Almendras ORIGINAL Sin Azúcar Vegana Sin Tacc x 1 lt.;LECHES AMANDE;UNIDAD;1;1;4139,47;3311,58;3179,11
ALAO8;Leche de Almendras ORIGINAL Sin Azúcar Vegana Sin Tacc Pack x 8 u.;LECHES AMANDE;PACK;8;8;31100,01;24880,01;23884,81
ALAL1;Leche de Almendras LIVIANA Sin Azúcar Vegana Sin Taac x 1 lt.;LECHES AMANDE;UNIDAD;1;1;3492,58;2794,06;2682,30
ALAL8;Leche de Almendras LIVIANA Sin Azúcar Vegana Sin Taac  Pack x 8 u.;LECHES AMANDE;PACK;8;8;26239,89;20991,91;20152,24
ALC1;Leche de COCO y ALMENDRAS Sin Azúcar Vegana Sin Taac x 1 lt.;LECHES AMANDE;UNIDAD;1;1;3500,91;2800,73;2688,70
ALC8;Leche de COCO y ALMENDRAS Sin Azúcar Vegana Sin Taac  Pack x 8 u.;LECHES AMANDE;PACK;8;8;26302,49;21041,99;20200,31
ALM1;Leche de MANI y ALMENDRAS Sin Azucar Vegana Sin Taac  x 1 lt.;LECHES AMANDE;UNIDAD;1;1;2746,40;2197,12;2109,24
ALM8;Leche de MANI y ALMENDRAS Sin Azucar Vegana Sin Taac  Pack x 8 u.;LECHES AMANDE;PACK;8;8;20633,85;16507,08;15846,80
CMCC11;"Miel organica ""CAMPO CLARO"" x 500 gr.";CONSERVAS;UNIDAD;1;0,5; $ -   ; $ -   ; $ -   
CMCC12;"Miel organica ""CAMPO CLARO"" x 500 gr. CAJA x 10 U.";CONSERVAS;CAJA;10;5; $ -   ; $ -   ; $ -   
CMSN11;"Miel ""SAN NICOLAS"" Orgánica x 500 ml.";CONSERVAS;UNIDAD;1;0,5;6154,83;4923,86;4726,91
CMSN12;"Miel ""SAN NICOLAS"" Orgánica x 500 ml. CAJA x 12 u.";CONSERVAS;CAJA;12;6;71288,99;57031,19;54749,95
CMSN21;"Miel ""SAN NICOLAS"" Orgánica x 1 Kg.";CONSERVAS;UNIDAD;1;1; $ -   ; $ -   ; $ -   
CMSN22;"Miel ""SAN NICOLAS"" Orgánica x 1 Kg. CAJA x 6 u.";CONSERVAS;CAJA;6;6; $ -   ; $ -   ; $ -   
CSRF1;Sal Rosada FINA del himalaya x 1 Kg.;CONSERVAS;KG;1;1;2031,25;1625,00;1560,00
CSRF25;Sal Rosada FINA del himalaya x 25 Kg.;CONSERVAS;BOLSÓN;25;25;48750,00;39000,00;37440,00
CSRG1;Sal Rosada GRUESA del himalaya x 1 Kg.;CONSERVAS;KG;1;1;2287,50;1830,00;1756,80
CSRG25;Sal Rosada GRUESA del himalaya x 25 Kg.;CONSERVAS;BOLSÓN;25;25;55312,50;44250,00;42480,00
CSRF05;Sal rosada x 1/2 kg FINA;CONSERVAS;UNIDAD;0,5;0,5;1056,25;845,00;811,20
CSRG05;Sal rosada x 1/2 kg GRUESA;CONSERVAS;UNIDAD;0,5;0,5;1218,75;975,00;936,00
CAN11;"Aceitunas NEGRAS Orgánicas ""SAN NICOLÁS"" X 250 grs.";CONSERVAS;UNIDAD;1;0,25;3035,71;2428,57;2331,42
CAN12;"Aceitunas NEGRAS Orgánicas ""SAN NICOLÁS"" X 250 grs. CAJA x 12u.";CONSERVAS;CAJA;12;3;34871,74;27897,39;26781,49
CAV11;"Aceitunas Verdes Orgánicas ""SAN NICOLÁS"" x 250 grs.";CONSERVAS;UNIDAD;1;0,25;2848,72;2278,98;2187,82
CAV12;"Aceitunas Verdes Orgánicas ""SAN NICOLÁS"" x 250 grs. CAJA x 12 u.";CONSERVAS;CAJA;12;3;32723,79;26179,03;25131,87
CAV21;"Aceitunas Verdes Orgánicas ""SAN NICOLÁS"" x 500 grs.";CONSERVAS;UNIDAD;1;0,5;4517,80;3614,24;3469,67
CAV22;"Aceitunas Verdes Orgánicas ""SAN NICOLÁS"" x 500 grs. CAJA x 6 u";CONSERVAS;CAJA;6;3;25948,38;20758,71;19928,36
CAV31;"Aceitunas Verdes Orgánicas ""SAN NICOLÁS"" x 1 Kg.";CONSERVAS;UNIDAD;1;1;7043,54;5634,83;5409,44
CAV32;"Aceitunas Verdes Orgánicas ""SAN NICOLÁS"" x 1 Kg. CAJA x 2 u.";CONSERVAS;CAJA;2;2;13485,07;10788,06;10356,54
CTTSN21;"Tomate triturado Orgánico ""SAN NICOLÁS"" x Bot 1 Lt.";CONSERVAS;UNIDAD;1;1;5519,15;4415,32;4238,70
CTTSN22;"Tomate triturado Orgánico ""SAN NICOLÁS"" x PACK 10";CONSERVAS;PACK;10;10;52832,85;42266,28;40575,63
CCF1;Café de BRASIL - Molido Fino x 250 Gr;CAFE;UNIDAD;1;0,25;7500,50;6000,40;5760,39
CCF2;Café de BRASIL - Molido Medio x 250 Gr;CAFE;UNIDAD;1;0,25;7500,50;6000,40;5760,39
CCG1;Café de BRASIL - Molido Grueso x 250 Gr;CAFE;UNIDAD;1;0,25;7500,50;6000,40;5760,39
CCG2;Café de BRASIL - Grano x 250 Gr;CAFE;UNIDAD;1;0,25;7500,50;6000,40;5760,39
CCECMF;Café de Especialidad COLOMBIA - Molido Fino x 250 Gr;CAFE;UNIDAD;1;0,25;12007,52;9606,01;9221,77
CCECMM;Café de Especialidad COLOMBIA - Molido Medio x 250 Gr;CAFE;UNIDAD;1;0,25;12007,52;9606,01;9221,77
CCECMG;Café de Especialidad COLOMBIA - Molido Grueso x 250 Gr;CAFE;UNIDAD;1;0,25;12007,52;9606,01;9221,77
CCECG;Café de Especialidad COLOMBIA - Grano x 250 Gr;CAFE;UNIDAD;1;0,25;12007,52;9606,01;9221,77
CCEBMF;Café de Especialidad BRASIL - Molido Fino x 250 Gr;CAFE;UNIDAD;1;0,25;10647,18;8517,74;8177,03
CCEBMM;Café de Especialidad BRASIL - Molido Medio x 250 Gr;CAFE;UNIDAD;1;0,25;10647,18;8517,74;8177,03
CCEBMG;Café de Especialidad BRASIL - Molido Grueso x 250 Gr;CAFE;UNIDAD;1;0,25;10647,18;8517,74;8177,03
CCEBG;Café de Especialidad BRASIL - Grano x 250 Gr;CAFE;UNIDAD;1;0,25;10647,18;8517,74;8177,03
CCEBLMF;Café de Especialidad BLEND - Molido Fino x 250 Gr;CAFE;UNIDAD;1;0,25;11010,64;8808,51;8456,17
CCEBLMM;Café de Especialidad BLEND - Molido Medio x 250 Gr;CAFE;UNIDAD;1;0,25;11010,64;8808,51;8456,17
CCEBLMG;Café de Especialidad BLEND - Molido Grueso x 250 Gr;CAFE;UNIDAD;1;0,25;11010,64;8808,51;8456,17
CCEBLG;Café de Especialidad BLEND - Grano x 250 Gr;CAFE;UNIDAD;1;0,25;11010,64;8808,51;8456,17
YYTO1;Yerba Taihang orgánica x u. 500 Gr;YERBAS;UNIDAD;1;0,5;3540,00;2832,00;2718,72
YYTO2;Yerba Taihang orgánica x PACK 10 u. 500 Gr.;YERBAS;PACK;10;5;33900,00;27120,00;26035,20
YYA1;Yerba Ajedrez x u. 500 Gr.;YERBAS;UNIDAD;1;0,5;1910,48;1528,38;1467,25
YYA2;Yerba Ajedrez x PACK 10 u. 500 Gr.;YERBAS;PACK;10;5;18295,24;14636,19;14050,74
YYIO1;Yerba IVU orgánica x u. 500 Gr.;YERBAS;UNIDAD;1;0,5;4151,25;3321,00;3188,16
YYIO2;Yerba IVU orgánica x PACK 10 u. 500 Gr.;YERBAS;PACK;10;5;39825,00;31860,00;30585,60
YYLO1;Yerba Legado orgánica x u. 500 Gr.;YERBAS;UNIDAD;1;0,5; $ -   ; $ -   ; $ -   
YYLO2;Yerba Legado orgánica x PACK 12 u. 500 Gr.;YERBAS;PACK;12;6; $ -   ; $ -   ; $ -   
CALC1;"Almendras con chocolate ""COLONIAL"" x 1 Kg.";CHOCOLATES;UNIDAD;1;1;30115,63;24092,50;23128,80
CALC2;"Almendras con chocolate ""COLONIAL"" CAJA X 10";CHOCOLATES;CAJA;10;10;290681,25;232545,00;223243,20
CAVC1;"Avellana con Chocolate ""COLONIAL"" x 1 Kg.";CHOCOLATES;UNIDAD;1;1; $ -   ; $ -   ; $ -   
CAVC2;"Avellana con Chocolate ""COLONIAL"" CAJA x 10 u.";CHOCOLATES;CAJA;10;10; $ -   ; $ -   ; $ -   
CMC1;"Mani con chocolate ""COLONIAL"" x 1 Kg.";CHOCOLATES;UNIDAD;1;1;20081,88;16065,50;15422,88
CMC2;"Mani con chocolate ""COLONIAL"" CAJA x 10 u.";CHOCOLATES;CAJA;10;10;193833,75;155067,00;148864,32
CPC1;"Pasas con chocolate ""COLONIAL"" x 1 Kg.";CHOCOLATES;UNIDAD;1;1;19018,13;15214,50;14605,92
CPC2;"Pasas con chocolate ""COLONIAL"" CAJA x 10 u.";CHOCOLATES;CAJA;10;10;183566,25;146853,00;140978,88
CCTC1;"Chocolate p/ Taza ""COLONIAL"" x 1 Kg.";CHOCOLATES;KG;1;1;23747,50;18998,00;18238,08
CCTC6;"Chocolate p/ Taza ""COLONIAL"" CAJA X 6u.";CHOCOLATES;CAJA;6;6;137529,00;110023,20;105622,27
CCSAC1;"Chocolate s/ azucar ""COLONIAL"" x 1 Kg.";CHOCOLATES;KG;1;1;29900,00;23920,00;22963,20
CCSAC6;"Chocolate s/ azucar ""COLONIAL"" CAJA X 6u.";CHOCOLATES;CAJA;6;6;173160,00;138528,00;132986,88
CCCS1;"Chocolate c/ stevia ""COLONIAL"" x 1 Kg.";CHOCOLATES;KG;1;1;31811,88;25449,50;24431,52
CCCS6;"Chocolate c/ stevia ""COLONIAL"" CAJA X 6u.";CHOCOLATES;CAJA;6;6;184232,25;147385,80;141490,37
CC70O11;Chocolate 70% Organico x 1 kg;CHOCOLATES;KG;1;1;40494,38;32395,50;31099,68
CC70O16;Chocolate 70% Organico CAJA X 6u.;CHOCOLATES;CAJA;6;6;234515,25;187612,20;180107,71
CC80O1;Chocolate 80% Organico x 1 kg;CHOCOLATES;KG;1;1;43613,75;34891,00;33495,36
CC80O6;Chocolate 80% Organico CAJA X 6u.;CHOCOLATES;CAJA;6;6;252580,50;202064,40;193981,82
CC70O21;Chocolatinas %70 Organico 50u*16gr;CHOCOLATES;KG;50;0,8; $ -   ; $ -   ; $ -   
CC70P26;Chocolatinas %70 Organico CAJA X 6u.;CHOCOLATES;CAJA;6;4,8; $ -   ; $ -   ; $ -   
CA1001001;"Almendras con chocolate ""ARGENFRUT"" x 1 Kg.";CHOCOLATES;KG;1;1;23736,71;18989,36;18229,79
CA1001006;"Almendras con chocolate ""ARGENFRUT"" CAJA X 6u.";CHOCOLATES;CAJA;6;6;136333,90;109067,12;104704,43
CA1011001;"Avellana con Chocolate ""ARGENFRUT"" x 1 Kg.";CHOCOLATES;KG;1;1;23404,42;18723,54;17974,60
CA1011006;"Avellana con Chocolate ""ARGENFRUT"" CAJA X 5u.";CHOCOLATES;CAJA;5;5;112021,17;89616,94;86032,26
CA1111001;"Mani con chocolate ""ARGENFRUT"" x 1 Kg.";CHOCOLATES;KG;1;1;12013,77;9611,02;9226,58
CA1111006;"Mani con chocolate ""ARGENFRUT"" CAJA X 6u.";CHOCOLATES;CAJA;6;6;69002,18;55201,74;52993,67
CA1021001;"Pasas con chocolate ""ARGENFRUT"" x 1 Kg.";CHOCOLATES;KG;1;1;14963,52;11970,82;11491,99
CA1021006;"Pasas con chocolate ""ARGENFRUT"" CAJA X 6u.";CHOCOLATES;CAJA;6;6;85944,34;68755,48;66005,26
CA1032001;"Cramberry con chocolate ""ARGENFRUT"" x 1 Kg.";CHOCOLATES;KG;1;1;19189,99;15351,99;14737,91
CA1032006;"Cramberry con chocolate ""ARGENFRUT"" CAJA X 6u.";CHOCOLATES;CAJA;6;6;110219,43;88175,55;84648,52
CA1081001;"Bananita de cereal - Chocolate con leche ""ARGENFRUT"" x 600g ";CHOCOLATES;UNIDAD;1;0,6;12734,54;10187,63;9780,13
CA1081006;"Bananita de cereal - Chocolate con leche ""ARGENFRUT"" x 600g  CAJA x 9U.";CHOCOLATES;CAJA;9;5,4;109712,96;87770,37;84259,55
CA1141001;"Botones de chocolate ""ARGENFRUT""x1kg";CHOCOLATES;UNIDAD;1;1; $ -   ; $ -   ; $ -   
CA1141006;"Botones de chocolate ""ARGENFRUT"" CAJA x6";CHOCOLATES;CAJA;6;6; $ -   ; $ -   ; $ -   
CA1061001;"Cereal con chocolate ""ARGENFRUT"" x 700 Grs.";CHOCOLATES;UNIDAD;1;0,7;12090,84;9672,67;9285,76
CA1061006;"Cereal con chocolate ""ARGENFRUT"" CAJA X 9u.";CHOCOLATES;CAJA;9;6,3;104167,23;83333,78;80000,43
CA1171001;"Lentejas de chocolate ""ARGENFRUT"" x 1 Kg.";CHOCOLATES;KG;1;1;13796,65;11037,32;10595,83
CA1171007;"Lentejas de chocolate ""ARGENFRUT"" CAJA x 10 Kg.";CHOCOLATES;CAJA;10;10;132070,51;105656,41;101430,15
CA1071001;"Merenguitos con chocolate ""ARGENFRUT"" x 700 gr. U.";CHOCOLATES;KG;1;0,7; $ -   ; $ -   ; $ -   
CA1071009;"Merenguitos con chocolate ""ARGENFRUT"" x 700 gr. CAJA";CHOCOLATES;CAJA;9;6,3; $ -   ; $ -   ; $ -   
CWGM5;Garrapiñada de mani sin marca x 5kg;CHOCOLATES;BOLSA;5;5;15750,00;12600,00;12096,00
CA1115001;"Garrapiñada de mani x 1 kg ""ARGENFRUT""";CHOCOLATES;KG;1;1;7390,11;5912,09;5675,61
CAA1115005;"Garrapiñada de mani x 1 kg ""ARGENFRUT""CAJA X 5U";CHOCOLATES;CAJA;5;5;35371,48;28297,19;27165,30
CA1006001;"Garrapiñada de almendra x 1 kg ""ARGENFRUT""";CHOCOLATES;KG;1;1;12718,22;10174,58;9767,60
CA1006005;"Garrapiñada de almendra x 1 kg ""ARGENFRUT"" CAJA x 5";CHOCOLATES;CAJA;5;5;60873,55;48698,84;46750,89
CA99551;Chocolate AGUILA al 60% x 1 Kg.;CHOCOLATES;KG;1;1;23272,59;18618,07;17873,35
CA99555;Chocolate AGUILA  al 60% x CAJA de 5 Kg.;CHOCOLATES;CAJA;5;5;111390,16;89112,12;85547,64
CA99851;Chocolate AGUILA x 1 Kg.;CHOCOLATES;KG;1;1;16588,22;13270,57;12739,75
CA99855;Chocolate AGUILA x CAJA de 5 Kg.;CHOCOLATES;CAJA;5;5;79396,59;63517,28;60976,58
CA99791;Chocolate Aguila Blanco x 1 Kg.;CHOCOLATES;KG;1;1;17122,04;13697,63;13149,73
CA99795;Chocolate Aguila Blanco x CAJA de 5 Kg.;CHOCOLATES;CAJA;5;5;81951,65;65561,32;62938,87
CA96411;Chips chocolate  x 1 kg;CHOCOLATES;KG;1;1;7485,18;5988,14;5748,62
CA964110;Chips chocolate  - CAJA x 10 kg;CHOCOLATES;CAJA;10;10;71652,98;57322,39;55029,49
CA93231;Chips chocolate Blanco x 1 Kg.;CHOCOLATES;KG;1;1;7583,50;6066,80;5824,13
CA93235;Chips chocolate Blanco x 5 Kg.;CHOCOLATES;CAJA;5;5;36297,08;29037,67;27876,16
CCABC1;"Cacao amargo ""BARRY CALLEBAUT"" x 1 Kg.";CHOCOLATES;KG;1;1;20289,66;16231,73;15582,46
CCABC25;"Cacao amargo ""BARRY CALLEBAUT"" x 25 Kg.";CHOCOLATES;BOLSÓN;25;25;468222,93;374578,34;359595,21
DBHN;Bocaditos de higo y nuez - CAJA x 40 U.;DULCES;CAJA;40;1;9660,00;7728,00;7418,88
DNTG;Naranja en tiras glaseada CAJA x 2 Kg.;DULCES;CAJA;2;2; $ -   ; $ -   ; $ -   
DBNR;Bombón de Nuez relleno - BOLSA x 30 U.;DULCES;CAJA;30;1;10427,63;8342,10;8008,42
MMAR1;Mermelada Arándano x 212 Grs.;MERMELADAS MASSEUBE;UNIDAD;1;0,212; $ -   ; $ -   ; $ -   
MMAR15;Mermelada Arándano x 212 Grs. CAJA x 15u.;MERMELADAS MASSEUBE;CAJA;15;3,18; $ -   ; $ -   ; $ -   
MMCAL1;Mermelada Calafate x 212 Grs.;MERMELADAS MASSEUBE;UNIDAD;1;0,212; $ -   ; $ -   ; $ -   
MMCAL15;Mermelada Calafate x 212 Grs. CAJA x 15u.;MERMELADAS MASSEUBE;CAJA;15;3,18; $ -   ; $ -   ; $ -   
MMCAS1;Mermelada Cassis Orgánico x 212 Grs.;MERMELADAS MASSEUBE;UNIDAD;1;0,212; $ -   ; $ -   ; $ -   
MMCAS15;Mermelada Cassis Orgánico x 212 Grs. CAJA x 15u.;MERMELADAS MASSEUBE;CAJA;15;3,18; $ -   ; $ -   ; $ -   
MMCER1;Mermelada Cereza Negra x 212 Grs.;MERMELADAS MASSEUBE;UNIDAD;1;0,212; $ -   ; $ -   ; $ -   
MMCER15;Mermelada Cereza Negra x 212 Grs. CAJA x 15u.;MERMELADAS MASSEUBE;CAJA;15;3,18; $ -   ; $ -   ; $ -   
MMFRA1;Mermelada Frambuesa Orgánica x 212 Grs.;MERMELADAS MASSEUBE;UNIDAD;1;0,212; $ -   ; $ -   ; $ -   
MMFRA15;Mermelada Frambuesa Orgánica x 212 Grs. CAJA x 15u.;MERMELADAS MASSEUBE;CAJA;15;3,18; $ -   ; $ -   ; $ -   
MMFRU1;Mermelada Frutilla Orgánica x 212 Grs.;MERMELADAS MASSEUBE;UNIDAD;1;0,212; $ -   ; $ -   ; $ -   
MMFRU15;Mermelada Frutilla Orgánica x 212 Grs. CAJA x 15u.;MERMELADAS MASSEUBE;CAJA;15;3,18; $ -   ; $ -   ; $ -   
MMFDB1;Mermelada Frutos del Bosque Orgánica x 212 Grs.;MERMELADAS MASSEUBE;UNIDAD;1;0,212; $ -   ; $ -   ; $ -   
MMFDB15;Mermelada Frutos del Bosque Orgánica x 212 Grs. CAJA x 15u.;MERMELADAS MASSEUBE;CAJA;15;3,18; $ -   ; $ -   ; $ -   
MMRM1;Mermelada Mosqueta Orgánica x 212 Grs.;MERMELADAS MASSEUBE;UNIDAD;1;0,212; $ -   ; $ -   ; $ -   
MMRM15;Mermelada Mosqueta Orgánica x 212 Grs. CAJA x 15u.;MERMELADAS MASSEUBE;CAJA;15;3,18; $ -   ; $ -   ; $ -   
MMSA1;Mermelada Sauco x 212 Grs.;MERMELADAS MASSEUBE;UNIDAD;1;0,212; $ -   ; $ -   ; $ -   
MMSA15;Mermelada Sauco x 212 Grs. CAJA x 15u.;MERMELADAS MASSEUBE;CAJA;15;3,18; $ -   ; $ -   ; $ -   
MLADAR1;Mermelada LIGHT APTO DIABÉTICO Arándano x 260 Grs.;MERMELADAS MASSEUBE;UNIDAD;1;0,26;5293,02;4234,42;4065,04
MLADAR12;Mermelada LIGHT APTO DIABÉTICO Arándano x 260 Grs. CAJA x 12 u.;MERMELADAS MASSEUBE;CAJA;12;3,12;60286,59;48229,27;46300,10
MLADFRA1;Mermelada LIGHT APTO DIABÉTICO Frambuesa x 260 Grs.;MERMELADAS MASSEUBE;UNIDAD;1;0,26;7126,63;5701,30;5473,25
MLADFRA12;Mermelada LIGHT APTO DIABÉTICO Frambuesa x 260 Grs. CAJA x 12 u.;MERMELADAS MASSEUBE;CAJA;12;3,12;81171,09;64936,87;62339,40
MLADFRU1;Mermelada LIGHT APTO DIABÉTICO Frutilla x 260 Grs.;MERMELADAS MASSEUBE;UNIDAD;1;0,26;5293,02;4234,42;4065,04
MLADFRU12;Mermelada LIGHT APTO DIABÉTICO Frutilla x 260 Grs. CAJA x 12 u.;MERMELADAS MASSEUBE;CAJA;12;3,12;60286,59;48229,27;46300,10
MLADFDB1;Mermelada LIGHT APTO DIABÉTICO Frutos del bosque x 260 Grs.;MERMELADAS MASSEUBE;UNIDAD;1;0,26;7126,63;5701,30;5473,25
MLADFDB12;Mermelada LIGHT APTO DIABÉTICO Frutos del bosque x 260 Grs. CAJA x 12 u.;MERMELADAS MASSEUBE;CAJA;12;3,12;81171,09;64936,87;62339,40
MLADRM1;Mermelada LIGHT APTO DIABÉTICO Mosqueta x 260 Grs.;MERMELADAS MASSEUBE;UNIDAD;1;0,26;5293,02;4234,42;4065,04
MLADRM12;Mermelada LIGHT APTO DIABÉTICO Mosqueta x 260 Grs. CAJA x 12 u.;MERMELADAS MASSEUBE;CAJA;12;3,12;60286,59;48229,27;46300,10
MLADZAR1;Mermelada LIGHT APTO DIABÉTICO Zarzamora x 260 Grs.;MERMELADAS MASSEUBE;UNIDAD;1;0,26;7126,63;5701,30;5473,25
MLADZAR2;Mermelada LIGHT APTO DIABÉTICO Zarzamora x 260 Grs. CAJA x 12 u.;MERMELADAS MASSEUBE;CAJA;12;3,12;81171,09;64936,87;62339,40
M35AR1;Mermelada Arándano x 350 Grs.;MERMELADAS MASSEUBE;UNIDAD;1;0,35;4794,28;3835,42;3682,00
M35AR12;Mermelada Arándano x 350 Grs. CAJA x 12 u.;MERMELADAS MASSEUBE;CAJA;12;4,2;54606,01;43684,80;41937,41
M35CAL1;Mermelada Calafate x 350 Grs.;MERMELADAS MASSEUBE;UNIDAD;1;0,35; $ -   ; $ -   ; $ -   
M35CAL12;Mermelada Calafate x 350 Grs. CAJA x 12 u.;MERMELADAS MASSEUBE;CAJA;12;4,2; $ -   ; $ -   ; $ -   
M35CAS1;Mermelada Cassis Orgánico x 350 Grs.;MERMELADAS MASSEUBE;UNIDAD;1;0,35;4794,28;3835,42;3682,00
M35CAS12;Mermelada Cassis Orgánico x 350 Grs. CAJA x 12 u.;MERMELADAS MASSEUBE;CAJA;12;4,2;54606,01;43684,80;41937,41
M35CER1;Mermelada Cereza Negra x 350 Grs.;MERMELADAS MASSEUBE;UNIDAD;1;0,35;4794,28;3835,42;3682,00
M35CER12;Mermelada Cereza Negra x 350 Grs. CAJA x 12 u.;MERMELADAS MASSEUBE;CAJA;12;4,2;54606,01;43684,80;41937,41
M35FRA1;Mermelada Frambuesa Orgánica x 350 Grs.;MERMELADAS MASSEUBE;UNIDAD;1;0,35;6750,13;5400,10;5184,10
M35FRA12;Mermelada Frambuesa Orgánica x 350 Grs. CAJA x 12 u.;MERMELADAS MASSEUBE;CAJA;12;4,2;76882,81;61506,24;59046,00
M35FRU1;Mermelada Frutilla Orgánica x 350 Grs.;MERMELADAS MASSEUBE;UNIDAD;1;0,35;4794,28;3835,42;3682,00
M35FRU12;Mermelada Frutilla Orgánica x 350 Grs. CAJA x 12 u.;MERMELADAS MASSEUBE;CAJA;12;4,2;54606,01;43684,80;41937,41
M35FDB1;Mermelada Frutos del bosque Orgánica x 350 Grs.;MERMELADAS MASSEUBE;UNIDAD;1;0,35;5616,96;4493,57;4313,82
M35FDB12;Mermelada Frutos del bosque Orgánica x 350 Grs. CAJA x 12 u.;MERMELADAS MASSEUBE;CAJA;12;4,2;63976,19;51180,95;49133,71
M35GUI1;Mermelada Guinda x 350 Grs.;MERMELADAS MASSEUBE;UNIDAD;1;0,35;5616,96;4493,57;4313,82
M35GUI12;Mermelada Guinda x 350 Grs. CAJA x 12 u.;MERMELADAS MASSEUBE;CAJA;12;4,2;63976,19;51180,95;49133,71
M35RM1;Mermelada Mosqueta Orgánica x 350 Grs.;MERMELADAS MASSEUBE;UNIDAD;1;0,35;4794,28;3835,42;3682,00
M35RM12;Mermelada Mosqueta Orgánica x 350 Grs. CAJA x 12 u.;MERMELADAS MASSEUBE;CAJA;12;4,2;54606,01;43684,80;41937,41
M35SAU1;Mermelada Sauco x 350 Grs.;MERMELADAS MASSEUBE;UNIDAD;1;0,35;5616,96;4493,57;4313,82
M35SAU12;Mermelada Sauco x 350 Grs. CAJA x 12 u.;MERMELADAS MASSEUBE;CAJA;12;4,2;63976,19;51180,95;49133,71
M35ZAR1;Mermelada Zarzamora Orgánica x 350 Grs.;MERMELADAS MASSEUBE;UNIDAD;1;0,35;6750,13;5400,10;5184,10
M35ZAR12;Mermelada Zarzamora Orgánica x 350 Grs. CAJA x 12 u.;MERMELADAS MASSEUBE;CAJA;12;4,2;76882,81;61506,24;59046,00
MARN1;Arandanos al natural x 380 Grs.;MERMELADAS MASSEUBE;UNIDAD;1;0,38; $ -   ; $ -   ; $ -   
MARN12;Arandanos al natural x 380 Grs. CAJA x 12 u.;MERMELADAS MASSEUBE;CAJA;12;4,56; $ -   ; $ -   ; $ -   
MCNN1;Cerezas negras al natural x 380 Grs.;MERMELADAS MASSEUBE;UNIDAD;1;0,38; $ -   ; $ -   ; $ -   
MCNN12;Cerezas negras al natural x 380 Grs. CAJA x 12 u.;MERMELADAS MASSEUBE;CAJA;12;4,56; $ -   ; $ -   ; $ -   
MFDBN1;Frutos del bosque al natural x 380 Grs.;MERMELADAS MASSEUBE;UNIDAD;1;0,38; $ -   ; $ -   ; $ -   
MFDBN12;Frutos del bosque al natural x 380 Grs. CAJA x 12 u.;MERMELADAS MASSEUBE;CAJA;12;4,56; $ -   ; $ -   ; $ -   
MFRAN1;Frambuesas al natural x 380 Grs.;MERMELADAS MASSEUBE;UNIDAD;1;0,38;10213,45;8170,76;7843,93
MFRAN12;Frambuesas al natural x 380 Grs. CAJA x 12 u.;MERMELADAS MASSEUBE;CAJA;12;4,56;116329,45;93063,56;89341,02
SMPS1;Sahumerio Palo Santo;SAGRADA MADRE;UNIDAD;8;0,08;1256,06;1004,84;964,65
SMPS2;Sahumerio palo santo c/Incienso;SAGRADA MADRE;UNIDAD;8;0,08;1256,06;1004,84;964,65
SMPS3;Sahumerio palo santo c/Copal;SAGRADA MADRE;UNIDAD;8;0,08;1256,06;1004,84;964,65
SMPS4;Sahumerio palo santo c/Mirra;SAGRADA MADRE;UNIDAD;8;0,08;1256,06;1004,84;964,65
SMPS5;Sahumerio palo santo C/Sandalo;SAGRADA MADRE;UNIDAD;8;0,08;1256,06;1004,84;964,65
SMPS6;Sahumerio palo santo c/Champa;SAGRADA MADRE;UNIDAD;8;0,08;1256,06;1004,84;964,65
SMPS7;Sahumerio palo santo c/Romero;SAGRADA MADRE;UNIDAD;8;0,08;1256,06;1004,84;964,65
SMPS8;Sahumerio palo santo c/Jazmin;SAGRADA MADRE;UNIDAD;8;0,08;1256,06;1004,84;964,65
SMPS9;Sahumerio palo santo c/Vainilla;SAGRADA MADRE;UNIDAD;8;0,08;1256,06;1004,84;964,65
SMPS10;Sahumerio palo santo c/Yagra;SAGRADA MADRE;UNIDAD;8;0,08;1256,06;1004,84;964,65
SMPS11;Sahumerio palo santo c/Rosa;SAGRADA MADRE;UNIDAD;8;0,08;1256,06;1004,84;964,65
SMPS12;Sahumerio palo santo c/Lavanda;SAGRADA MADRE;UNIDAD;8;0,08;1256,06;1004,84;964,65
SMPS13;Sahumerio palo santo c/ruda;SAGRADA MADRE;UNIDAD;8;0,08;1256,06;1004,84;964,65
SMPS14;Sahumerio palo santo c/pachuli;SAGRADA MADRE;UNIDAD;8;0,08;1256,06;1004,84;964,65
SMPS15;Sahumerio palo santo c/violetas;SAGRADA MADRE;UNIDAD;8;0,08;1256,06;1004,84;964,65
SMPS16;Sahumerio palo santo c/fresias;SAGRADA MADRE;UNIDAD;8;0,08;1256,06;1004,84;964,65
SMN1;Sahumerio natural c/Incienso;SAGRADA MADRE;UNIDAD;8;0,08;1483,79;1187,03;1139,55
SMN2;Sahumerio natural c/Mirra;SAGRADA MADRE;UNIDAD;8;0,08;1483,79;1187,03;1139,55
SMN3;Sahumerio natural c/Copal;SAGRADA MADRE;UNIDAD;8;0,08;1483,79;1187,03;1139,55
SMN4;Sahumerio natural c/Yagra;SAGRADA MADRE;UNIDAD;8;0,08;1483,79;1187,03;1139,55
SMN5;Sahumerio natural c/Ruda, Romero e Incienso;SAGRADA MADRE;UNIDAD;8;0,08;1483,79;1187,03;1139,55
SMN6;Sahumerio natural c/ Citronella, Naranja y Palo santo;SAGRADA MADRE;UNIDAD;8;0,08;1483,79;1187,03;1139,55
SMN7;Sahumerio natural c/Sandalo y Olíbano;SAGRADA MADRE;UNIDAD;8;0,08;1483,79;1187,03;1139,55
SMN8;Sahumerio natural ambar;SAGRADA MADRE;UNIDAD;8;0,08;1483,79;1187,03;1139,55
SMN9;Sahumerio natural benjui;SAGRADA MADRE;UNIDAD;8;0,08;1483,79;1187,03;1139,55
SMN10;Sahumerio natural pachuli;SAGRADA MADRE;UNIDAD;8;0,08;1483,79;1187,03;1139,55
SMH1;Sahumerio hierbas Lavanda y Olíbano;SAGRADA MADRE;UNIDAD;9;0,09;1504,71;1203,77;1155,62
SMH2;Sahumerio hierbas Incienso blanco;SAGRADA MADRE;UNIDAD;9;0,09;1504,71;1203,77;1155,62
SMH3;Sahumerio hierbas Salvia blanca;SAGRADA MADRE;UNIDAD;9;0,09;1504,71;1203,77;1155,62
SMH4;Sahumerio hierbas Rosas y Olíbano;SAGRADA MADRE;UNIDAD;9;0,09;1504,71;1203,77;1155,62
SMH5;Sahumerio hierbas Canela, Anis y Olíbano;SAGRADA MADRE;UNIDAD;9;0,09;1504,71;1203,77;1155,62
SMH6;Sahumerio hierbas Calendula, Manzanilla e Incienso;SAGRADA MADRE;UNIDAD;9;0,09;1504,71;1203,77;1155,62
SMH7;Sahumerio hierbas Eucalipto, Laurel y Cedro;SAGRADA MADRE;UNIDAD;9;0,09;1504,71;1203,77;1155,62
SMT1;Sahumerio triple 7 Chakras;SAGRADA MADRE;UNIDAD;7;0,07;1727,07;1381,66;1326,39
SMT2;Sahumerio triple combinado;SAGRADA MADRE;UNIDAD;8;0,08;1935,84;1548,67;1486,72
SMBAX41;Bomba activada 7 Poderes;SAGRADA MADRE;BOLSA;4;0,08;465,32;372,26;357,37
SMBAX42;Bomba activada Atrae dinero;SAGRADA MADRE;BOLSA;4;0,08;465,32;372,26;357,37
SMBAX43;Bomba activada Abre caminos;SAGRADA MADRE;BOLSA;4;0,08;465,32;372,26;357,37
SMBAX44;Bomba activada Palo santo;SAGRADA MADRE;BOLSA;4;0,08;465,32;372,26;357,37
SMBAX45;Bomba activada Destrabe;SAGRADA MADRE;BOLSA;4;0,08;465,32;372,26;357,37
SMBAX46;Bomba activada Limpieza energetica;SAGRADA MADRE;BOLSA;4;0,08;465,32;372,26;357,37
SMBAX47;Bomba activada Defumacion completa;SAGRADA MADRE;BOLSA;4;0,08;465,32;372,26;357,37
SMBAX48;Bomba activada 7 Hierbas copal;SAGRADA MADRE;BOLSA;4;0,08;465,32;372,26;357,37
SMBAX49;Bomba activada abundancia infinita;SAGRADA MADRE;BOLSA;4;0,08;465,32;372,26;357,37
SMBAX50;Bomba activada limpieza aurica;SAGRADA MADRE;BOLSA;4;0,08;465,32;372,26;357,37
SMBAX51;Bomba activada atraccion mistica;SAGRADA MADRE;BOLSA;4;0,08;465,32;372,26;357,37
SMBAX52;Bomba activada fuerza infinita;SAGRADA MADRE;BOLSA;4;0,08;465,32;372,26;357,37
SMBAX81;Bomba activada 7 Elementos puros.;SAGRADA MADRE;UNIDAD;8;0,16;1099,05;879,24;844,07
SMBAX82;Bomba activada Yagra y Canela.;SAGRADA MADRE;UNIDAD;8;0,16;1099,05;879,24;844,07
SMBAX83;Bomba activada Incienso y Mirra.;SAGRADA MADRE;UNIDAD;8;0,16;1099,05;879,24;844,07
SMBAX84;Bomba activada Palo santo.;SAGRADA MADRE;UNIDAD;8;0,16;1099,05;879,24;844,07
SMBAX85;Bomba activada Benjui y almizcle.;SAGRADA MADRE;UNIDAD;8;0,16;1099,05;879,24;844,07
SMBAX86;Bomba activada Limpieza energetica.;SAGRADA MADRE;UNIDAD;8;0,16;1099,05;879,24;844,07
SMBAX87;Bomba activada Estoraque y Alcanfor.;SAGRADA MADRE;UNIDAD;8;0,16;1099,05;879,24;844,07
SMBAX88;Bomba activada 7 Hierbas copal.;SAGRADA MADRE;UNIDAD;8;0,16;1099,05;879,24;844,07
SMBA7C;Bomba activada 7 chakras;SAGRADA MADRE;UNIDAD;7;0,14;1099,05;879,24;844,07
SMBAH1;Bomba Herbal Armonia;SAGRADA MADRE;UNIDAD;4;0,08;673,76;539,01;517,45
SMBAH2;Bomba Herbal Renacer;SAGRADA MADRE;UNIDAD;4;0,08;673,76;539,01;517,45
SMBAH3;Bomba Herbal Destrabar;SAGRADA MADRE;UNIDAD;4;0,08;673,76;539,01;517,45
SMBAH4;Bomba Herbal Fortuna;SAGRADA MADRE;UNIDAD;4;0,08;673,76;539,01;517,45
SMBAH5;Bomba Herbal Amor;SAGRADA MADRE;UNIDAD;4;0,08;673,76;539,01;517,45
SMBAH6;Bomba Herbal Purificar;SAGRADA MADRE;UNIDAD;4;0,08;673,76;539,01;517,45
SMBAH7;Bomba Herbal Limpiar;SAGRADA MADRE;UNIDAD;4;0,08;673,76;539,01;517,45
SMBAH8;Bomba Herbal 7 Poderes;SAGRADA MADRE;UNIDAD;4;0,08;673,76;539,01;517,45
SMBHX3G1;Bomba Herbal XL x3gr Limpieza energetica;SAGRADA MADRE;UNIDAD;3;0,06;1432,69;1146,15;1100,31
SMBHX3G2;Bomba Herbal XL x3gr Purificacion energetica;SAGRADA MADRE;UNIDAD;3;0,06;1432,69;1146,15;1100,31
SMPA1;Perlas aromaticas Vainilla;SAGRADA MADRE;UNIDAD;12;0,24;22083,75;17667,00;16960,32
SMPA2;Perlas aromaticas Frutilla;SAGRADA MADRE;UNIDAD;12;0,24;22083,75;17667,00;16960,32
SMPA3;Perlas aromaticas Jazmin;SAGRADA MADRE;UNIDAD;12;0,24;22083,75;17667,00;16960,32
SMPA4;Perlas aromaticas Lavanda;SAGRADA MADRE;UNIDAD;12;0,24;22083,75;17667,00;16960,32
SMPA5;Perlas aromaticas Rosa;SAGRADA MADRE;UNIDAD;12;0,24;22083,75;17667,00;16960,32
SMPA6;Perlas aromaticas Flores;SAGRADA MADRE;UNIDAD;12;0,24;22083,75;17667,00;16960,32
SMPA7;Perlas aromaticas Coco;SAGRADA MADRE;UNIDAD;12;0,24;22083,75;17667,00;16960,32
SMPA8;Perlas aromaticas Primavera;SAGRADA MADRE;UNIDAD;12;0,24;22083,75;17667,00;16960,32
SMPA9;Perlas aromaticas Limon;SAGRADA MADRE;UNIDAD;12;0,24;22083,75;17667,00;16960,32
SMPA10;Perlas aromaticas Hindu;SAGRADA MADRE;UNIDAD;12;0,24;22083,75;17667,00;16960,32
SMPA11;Perlas aromaticas Reina de la noche;SAGRADA MADRE;UNIDAD;12;0,24;22083,75;17667,00;16960,32
SMPA12;Perlas aromaticas Sandalo;SAGRADA MADRE;UNIDAD;12;0,24;22083,75;17667,00;16960,32
SMPA13;Perlas aromaticas Surtidas - 1 de cada aroma;SAGRADA MADRE;UNIDAD;12;0,24;22083,75;17667,00;16960,32
SMSC1;Sahumo chico Limpieza energetica;SAGRADA MADRE;UNIDAD;1;0,1;1137,51;910,00;873,60
SMSD1;Sahumerio duo 7 Poderes-Renacer;SAGRADA MADRE;UNIDAD;6;0,06;1491,56;1193,25;1145,52
SMSD2;Sahumerio duo Fortuna-Purificacion;SAGRADA MADRE;UNIDAD;6;0,06;1491,56;1193,25;1145,52
SMSD3;Sahumerio duo Limpieza-Armonia;SAGRADA MADRE;UNIDAD;6;0,06;1491,56;1193,25;1145,52
SMSD4;Sahumerio duo Sanar-Destrabar;SAGRADA MADRE;UNIDAD;6;0,06;1491,56;1193,25;1145,52
SMEL1;Sahumerio Energia limpia Revitalizar;SAGRADA MADRE;UNIDAD;4;0,04;1491,56;1193,25;1145,52
SMEL2;Sahumerio Energia limpia Armonizar;SAGRADA MADRE;UNIDAD;4;0,04;1491,56;1193,25;1145,52
SMEL3;Sahumerio Energia limpia Renacer;SAGRADA MADRE;UNIDAD;4;0,04;1491,56;1193,25;1145,52
SMEL4;Sahumerio Energia limpia Sanar;SAGRADA MADRE;UNIDAD;4;0,04;1491,56;1193,25;1145,52
SMOL111;Oleum Equilibrio x 10 ml;SAGRADA MADRE;UNIDAD;1;0,1;8406,34;6725,07;6456,07
SMOL12;Oleum Revitalizante x 10 ml;SAGRADA MADRE;UNIDAD;1;0,1;8406,34;6725,07;6456,07
SMOL123;Oleum Purificacion x 10 ml;SAGRADA MADRE;UNIDAD;1;0,1;10752,01;8601,61;8257,54
SMOL13;Oleum Relajante x 10 ml;SAGRADA MADRE;UNIDAD;1;0,1;8406,34;6725,07;6456,07
SMOL13A;Oleum Concentracion x 10 ml;SAGRADA MADRE;UNIDAD;1;0,1;10752,01;8601,61;8257,54
SMOL21;Oleum Calma x 10 ml;SAGRADA MADRE;UNIDAD;1;0,1;8406,34;6725,07;6456,07
SMOL2111;Oleum Armonia x 10 ml;SAGRADA MADRE;UNIDAD;1;0,1;10752,01;8601,61;8257,54
SMOL22;Oleum Afrodisiaco x 10 ml;SAGRADA MADRE;UNIDAD;1;0,1;8406,34;6725,07;6456,07
SMOL221;Oleum Limpieza energetica x 10 ml;SAGRADA MADRE;UNIDAD;1;0,1;10752,01;8601,61;8257,54
SMOL22A;Oleum Energia renovada x 10 ml;SAGRADA MADRE;UNIDAD;1;0,1;8406,34;6725,07;6456,07
SMOL311;Oleum Amor x 10 ml;SAGRADA MADRE;UNIDAD;1;0,1;10752,01;8601,61;8257,54
SMSEP1;Sahumerio en polvo Jazmin 60gr;SAGRADA MADRE;UNIDAD;1;0,01;1724,64;1379,71;1324,52
SMSEP2;Sahumerio en polvo Vainilla 60gr;SAGRADA MADRE;UNIDAD;1;0,01;1724,64;1379,71;1324,52
SMSEP3;Sahumerio en polvo Lavanda 60gr;SAGRADA MADRE;UNIDAD;1;0,01;1724,64;1379,71;1324,52
SMSEP4;Sahumerio en polvo Sandalo 60gr;SAGRADA MADRE;UNIDAD;1;0,01;1724,64;1379,71;1324,52
SMSEP5;Sahumerio en polvo 7 Poderes 60gr;SAGRADA MADRE;UNIDAD;1;0,01;1724,64;1379,71;1324,52
SMSEP6;Sahumerio en polvo Limpieza energetica 60gr;SAGRADA MADRE;UNIDAD;1;0,01;1724,64;1379,71;1324,52
SMSEP7;Sahumerio en polvo Yagra 60gr;SAGRADA MADRE;UNIDAD;1;0,01;1724,64;1379,71;1324,52
SMSEP8;Sahumerio en polvo Alcanfor 60gr;SAGRADA MADRE;UNIDAD;1;0,01;1724,64;1379,71;1324,52
SMSEP9;Sahumerio en polvo Benjui 60gr;SAGRADA MADRE;UNIDAD;1;0,01;1724,64;1379,71;1324,52
SMSEP10;Sahumerio en polvo Rosa 60gr;SAGRADA MADRE;UNIDAD;1;0,01;1724,64;1379,71;1324,52
SMSEP11;Sahumerio en polvo Citronella 60gr;SAGRADA MADRE;UNIDAD;1;0,01;1724,64;1379,71;1324,52
SMSEP12;Sahumerio en polvo Palo santo 60gr;SAGRADA MADRE;UNIDAD;1;0,01;1724,64;1379,71;1324,52
SMSB1;Sahumerio botanico- Gardenias-calendula;SAGRADA MADRE;UNIDAD;6;0,06;1376,57;1101,25;1057,20
SMSB2;Sahumerio botanico- Jazmin-Rosas;SAGRADA MADRE;UNIDAD;6;0,06;1376,57;1101,25;1057,20
SMSB3;Sahumerio botanico- Lavanda-Rosas;SAGRADA MADRE;UNIDAD;6;0,06;1376,57;1101,25;1057,20
SMSB4;Sahumerio botanico- Te verde-Flor de champa;SAGRADA MADRE;UNIDAD;6;0,06;1376,57;1101,25;1057,20
SMSB5;Sahumerio botanico- Magnolia;SAGRADA MADRE;UNIDAD;6;0,06;1376,57;1101,25;1057,20
SMSB6;Sahumerio botanico- Fresias;SAGRADA MADRE;UNIDAD;6;0,06;1376,57;1101,25;1057,20
SMSB7;Sahumerio botanico- Nardo incienso;SAGRADA MADRE;UNIDAD;6;0,06;1376,57;1101,25;1057,20
SMSB8;Sahumerio botanico- Clavo de olor;SAGRADA MADRE;UNIDAD;6;0,06;1376,57;1101,25;1057,20
SMS5E1;Sahumerio 5 Elementos - Alegria;SAGRADA MADRE;UNIDAD;6;0,06;1413,05;1130,44;1085,23
SMS5E2;Sahumerio 5 Elementos - Armonia;SAGRADA MADRE;UNIDAD;6;0,06;1413,05;1130,44;1085,23
SMS5E3;Sahumerio 5 Elementos - Claridad;SAGRADA MADRE;UNIDAD;6;0,06;1413,05;1130,44;1085,23
SMS5E4;Sahumerio 5 Elementos - Fuego;SAGRADA MADRE;UNIDAD;6;0,06;1413,05;1130,44;1085,23
SMS5E5;Sahumerio 5 Elementos - Renacer;SAGRADA MADRE;UNIDAD;6;0,06;1413,05;1130,44;1085,23
SMSMBM;Sahumerio Maha Blend Masala;SAGRADA MADRE;UNIDAD;8;0,08;3014,83;2411,86;2315,39
SMSGBM;Sahumerio Gaia Blend Masala;SAGRADA MADRE;UNIDAD;8;0,08;3014,83;2411,86;2315,39
SMSLC1;Sahumerio PURPLE HINDU KUSH;SAGRADA MADRE;UNIDAD;8;0,08;1891,94;1513,55;1453,01
SMSLC2;Sahumerio  LEMON HAZE;SAGRADA MADRE;UNIDAD;8;0,08;1891,94;1513,55;1453,01
SMSLC3;Sahumerio  TROPICANA COOKIES;SAGRADA MADRE;UNIDAD;8;0,08;1891,94;1513,55;1453,01
SMSLC4;Sahumerio  BLUE DREAM;SAGRADA MADRE;UNIDAD;8;0,08;1891,94;1513,55;1453,01
SMSY1;Sahumerio Yagra - Violetas  lavanda;SAGRADA MADRE;UNIDAD;6;0,06;1850,15;1480,12;1420,92
SMSY2;Sahumerio Yagra - Rosas y vainilla;SAGRADA MADRE;UNIDAD;6;0,06;1850,15;1480,12;1420,92
SMSY3;Sahumerio Yagra - Orquideas y laurel;SAGRADA MADRE;UNIDAD;6;0,06;1850,15;1480,12;1420,92
SMSY4;Sahumerio Yagra - Manzanilla y olibano;SAGRADA MADRE;UNIDAD;6;0,06;1850,15;1480,12;1420,92
SMSPAV;Sahumerio Patagonia - Algarroba y Vainilla;SAGRADA MADRE;UNIDAD;6;0,06;1906,96;1525,57;1464,55
SMSPH;Sahumerio Patagonia - Hibiscus;SAGRADA MADRE;UNIDAD;6;0,06;1906,96;1525,57;1464,55
SMSPHMM;Sahumerio Patagonia - Hierba Mate y menta;SAGRADA MADRE;UNIDAD;6;0,06;1906,96;1525,57;1464,55
SMSPLS;Sahumerio Patagonia - Lavanda silvestre;SAGRADA MADRE;UNIDAD;6;0,06;1906,96;1525,57;1464,55
SMSPL;Sahumerio Patagonia - Limon;SAGRADA MADRE;UNIDAD;6;0,06;1906,96;1525,57;1464,55
SMSPRS;Sahumerio Patagonia - Rosa mosqueta;SAGRADA MADRE;UNIDAD;6;0,06;1906,96;1525,57;1464,55
SMSPN;Sahumerio Patagonia - Neroli;SAGRADA MADRE;UNIDAD;6;0,06;1906,96;1525,57;1464,55
SMSPNV;Sahumerio Patagonia - Naranja vainilla;SAGRADA MADRE;UNIDAD;6;0,06;1906,96;1525,57;1464,55
SMSPR;Sahumerio Patagonia - Ruda;SAGRADA MADRE;UNIDAD;6;0,06;1763,43;1410,74;1354,31
SMSPT;Sahumerio Patagonia - Tilo;SAGRADA MADRE;UNIDAD;6;0,06;1763,43;1410,74;1354,31
SMSPP;Sahumerio Patagonia - Palmarosa;SAGRADA MADRE;UNIDAD;6;0,06;1906,96;1525,57;1464,55
SMSPJ;Sahumerio Patagonia - Jazmin;SAGRADA MADRE;UNIDAD;6;0,06;1906,96;1525,57;1464,55
SMSAX301;Sahumerio Artesano - Palo santo;SAGRADA MADRE;UNIDAD;30;0,153;4841,34;3873,07;3718,15
SMSAX302;Sahumerio Artesano - Palo santo / vainilla;SAGRADA MADRE;UNIDAD;30;0,153;4841,34;3873,07;3718,15
SMSAX303;Sahumerio Artesano - Palo santo / rosa;SAGRADA MADRE;UNIDAD;30;0,153;4841,34;3873,07;3718,15
SMSAX304;Sahumerio Artesano - Palo santo / lavanda;SAGRADA MADRE;UNIDAD;30;0,153;4841,34;3873,07;3718,15
SMSAX305;Sahumerio Artesano - Palo santo / champa;SAGRADA MADRE;UNIDAD;30;0,153;4841,34;3873,07;3718,15
SMSAX306;Sahumerio Artesano - Palo santo / jazmin;SAGRADA MADRE;UNIDAD;30;0,153;4841,34;3873,07;3718,15
SMSAX307;Sahumerio Artesano - Palo santo / Jengibre;SAGRADA MADRE;UNIDAD;30;0,153;4841,34;3873,07;3718,15
SMSAX308;Sahumerio Artesano - Copal;SAGRADA MADRE;UNIDAD;30;0,153;4841,34;3873,07;3718,15
SMSAX309;Sahumerio Artesano - Lavanda;SAGRADA MADRE;UNIDAD;30;0,153;4841,34;3873,07;3718,15
SMSAX310;Sahumerio Artesano - Flor arbol paraiso;SAGRADA MADRE;UNIDAD;30;0,153;4841,34;3873,07;3718,15
SMSAX311;Sahumerio Artesano - Sangre de dragon;SAGRADA MADRE;UNIDAD;30;0,153;4841,34;3873,07;3718,15
SMSAX312;Sahumerio Artesano - Ruda, romero incienso;SAGRADA MADRE;UNIDAD;30;0,153;4841,34;3873,07;3718,15
SMSAX313;Sahumerio Artesano - Reina de la noche lavanda;SAGRADA MADRE;UNIDAD;30;0,153;4841,34;3873,07;3718,15
SMSAX314;Sahumerio Artesano - Gardenias calendula;SAGRADA MADRE;UNIDAD;30;0,153;4841,34;3873,07;3718,15
SMSAX315;Sahumerio Artesano - Incienso;SAGRADA MADRE;UNIDAD;30;0,153;4841,34;3873,07;3718,15
SMSAX316;Sahumerio Artesano - Jazmin y rosas;SAGRADA MADRE;UNIDAD;30;0,153;4841,34;3873,07;3718,15
SMSAX317;Sahumerio Artesano - Yagra;SAGRADA MADRE;UNIDAD;30;0,153;4841,34;3873,07;3718,15
SMSAX318;Sahumerio Artesano - Te verde- Flor de champa;SAGRADA MADRE;UNIDAD;30;0,153;4841,34;3873,07;3718,15
SMSAX319;Sahumerio Artesano - Citronella, Naranja palo santo;SAGRADA MADRE;UNIDAD;30;0,153;4841,34;3873,07;3718,15
SMSAX320;Sahumerio Artesano - Sándalo;SAGRADA MADRE;UNIDAD;30;0,153;4841,34;3873,07;3718,15
SMSAX321;Sahumerio Artesano - Lemon Grass olibano;SAGRADA MADRE;UNIDAD;30;0,153;4841,34;3873,07;3718,15
SMSAX322;Sahumerio Artesano - Rosa;SAGRADA MADRE;UNIDAD;30;0,153;4841,34;3873,07;3718,15
SMSAX323;Sahumerio Artesano - Clavo de olor;SAGRADA MADRE;UNIDAD;30;0,153;4841,34;3873,07;3718,15
SMSAX324;Sahumerio Artesano - Fresias;SAGRADA MADRE;UNIDAD;30;0,153;4841,34;3873,07;3718,15
SMSAX325;Sahumerio Artesano - Magnolias;SAGRADA MADRE;UNIDAD;30;0,153;4841,34;3873,07;3718,15
SMSAX326;Sahumerio Artesano - Palo santo - yagra;SAGRADA MADRE;UNIDAD;30;0,153;4841,34;3873,07;3718,15
SMSAX327;Sahumerio Artesano - Yagra, manzanilla y olibano;SAGRADA MADRE;UNIDAD;30;0,153;4841,34;3873,07;3718,15
SMSAX328;Sahumerio Artesano - Nardo y olibano;SAGRADA MADRE;UNIDAD;30;0,153;4841,34;3873,07;3718,15
SMSAX329;Sahumerio Artesano - Yagra, rosa y vainilla;SAGRADA MADRE;UNIDAD;30;0,153;4841,34;3873,07;3718,15
SMSAX330;Sahumerio Artesano - Yagra, violeta y lavanda;SAGRADA MADRE;UNIDAD;30;0,153;4841,34;3873,07;3718,15
SMSSS1;Sahumerio Sagrado - Amor eterno;SAGRADA MADRE;UNIDAD;6;0,0306;1760,44;1408,35;1352,02
SMSSS2;Sahumerio Sagrado - Tercer ojo;SAGRADA MADRE;UNIDAD;6;0,0306;1760,44;1408,35;1352,02
SMSSS3;Sahumerio Sagrado - Encuentro divino;SAGRADA MADRE;UNIDAD;6;0,0306;1760,44;1408,35;1352,02
SMSSS4;Sahumerio Sagrado - Guia espiritual;SAGRADA MADRE;UNIDAD;6;0,0306;1760,44;1408,35;1352,02
SMPSSTICK;Palo Santo Stick Blend;SAGRADA MADRE;UNIDAD;1;0,1;1539,25;1231,40;1182,14
SMC1;CONOS ambar naranja ;SAGRADA MADRE;UNIDAD;8;0,08;2868,36;2294,69;2202,90
SMC2;CONOS caléndula y romero;SAGRADA MADRE;UNIDAD;8;0,08;2868,36;2294,69;2202,90
SMC3;CONOS canela y vainilla;SAGRADA MADRE;UNIDAD;8;0,08;2868,36;2294,69;2202,90
SMC4;CONOS lavanda y violeta;SAGRADA MADRE;UNIDAD;8;0,08;2868,36;2294,69;2202,90
SMC5;CONOS pachuli y palo santo;SAGRADA MADRE;UNIDAD;8;0,08;2868,36;2294,69;2202,90
SMC6;CONOS petalos de rosa;SAGRADA MADRE;UNIDAD;8;0,08;2868,36;2294,69;2202,90
SMC7;CONOS sándalo y copal;SAGRADA MADRE;UNIDAD;8;0,08;2868,36;2294,69;2202,90
SMC8;CONOS yagra y sándalo;SAGRADA MADRE;UNIDAD;8;0,08;2868,36;2294,69;2202,90
SMKT;Kit TURMALINA;SAGRADA MADRE;UNIDAD;1;1;8831,61;7065,29;6782,68
SMTH1;Torre hindu sagrada;SAGRADA MADRE;UNIDAD;1;1; $ -   ; $ -   ; $ -   
SMPSOM;Porta sahumerio OM ;SAGRADA MADRE;UNIDAD;1;0,03;1338,40;1070,72;1027,89
SMPSWOOD;Porta sahumerio WOOD;SAGRADA MADRE;UNIDAD;1;0,03;4265,14;3412,11;3275,63
SMSSC;Sahumador Sagrado Color;SAGRADA MADRE;UNIDAD;1;0,1;1284,24;1027,39;986,30
SMSCE;Sahumador chico cemento;SAGRADA MADRE;UNIDAD;1;0,1;1284,24;1027,39;986,30
SMPAC;COPALERA ANCESTRAL CHICA;SAGRADA MADRE;UNIDAD;1;0,5;5584,10;4467,28;4288,59
SMPAG;COPALERA ANCESTRAL GRANDE;SAGRADA MADRE;UNIDAD;1;0,5;6472,24;5177,79;4970,68
SMPMT;COPALERA MADRE TIERRA;SAGRADA MADRE;UNIDAD;1;0,5;3432,13;2745,71;2635,88
