"CÃ“DIGO";"PRODUCTO";"CATEGORÃA";"Unidad de medida";"Cantidad x pres.";"Peso X presentaciÃ³n";"MINORISTA                   Precio x presentaciÃ³n";"MAYORISTA                   Precio x presentaciÃ³n";"DISTRIBUIDOR                   Precio x presentaciÃ³n"
"SLTAE1";"Arveja entera x 1 kg";"SALVE LA TIERRA ";"KG";1;1;" 3.198,00 ";" $2.665,00 ";" $2.132,00 "
"SLTAE25";"Arveja entera x 25 kg ";"SALVE LA TIERRA ";"BOLSÃ“N";25;25;" 71.340,00 ";" $59.450,00 ";" $47.560,00 "
"SLTAP1";"Arveja partida x 1 kg ";"SALVE LA TIERRA ";"KG";1;1;" 3.324,75 ";" $2.770,63 ";" $2.216,50 "
"SLTAP25";"Arveja partida x 25 kg ";"SALVE LA TIERRA ";"BOLSÃ“N";25;25;" 74.167,50 ";" $61.806,25 ";" $49.445,00 "
"SLTAA1";"Avena arrollada x 1 kg";"SALVE LA TIERRA ";"KG";1;1;" $4.933,50 ";" $4.111,25 ";" $3.289,00 "
"SLTAA20";"Avena arrollada x 20 kg ";"SALVE LA TIERRA ";"BOLSÃ“N";20;20;" $88.044,00 ";" $73.370,00 ";" $58.696,00 "
"SLTG1";"Garbanzo x 1 kg ";"SALVE LA TIERRA ";"KG";1;1;" $3.861,00 ";" $3.217,50 ";" $2.574,00 "
"SLTG25";"Garbanzo x 25 kg ";"SALVE LA TIERRA ";"BOLSÃ“N";25;25;" $86.130,00 ";" $71.775,00 ";" $57.420,00 "
"SLTL1";"Lenteja x 1 kg";"SALVE LA TIERRA ";"KG";1;1;" $4.906,20 ";" $4.088,50 ";" $3.270,80 "
"SLTL25";"Lenteja x 25 kg ";"SALVE LA TIERRA ";"BOLSÃ“N";25;25;" $109.446,00 ";" $91.205,00 ";" $72.964,00 "
"SLTM1";"Mijo pelado x 1 kg";"SALVE LA TIERRA ";"KG";1;1;" $3.946,80 ";" $3.289,00 ";" $2.631,20 "
"SLTM25";"Mijo pelado x 25 kg";"SALVE LA TIERRA ";"BOLSÃ“N";25;25;" $88.044,00 ";" $73.370,00 ";" $58.696,00 "
"SLTHG5";"Harina de garbanzo x 5 kg.";"SALVE LA TIERRA ";"KG";5;5;" $20.047,50 ";" $16.706,25 ";" $13.365,00 "
"SLTHG25";"Harina de garbanzo x 25 kg ";"SALVE LA TIERRA ";"BOLSÃ“N";25;25;" $89.100,00 ";" $74.250,00 ";" $59.400,00 "
"SLTBOGB";"Balanceado p/gallinas x 1 k";"SALVE LA TIERRA ";"KG";1;1;" $-   ";" $-   ";" $-   "
"SLTBOGB30";"Balanceado p/gallinas x 30 kg";"SALVE LA TIERRA ";"BOLSÃ“N";30;30;" $29.232,00 ";" $24.360,00 ";" $19.488,00 "
"SLTLM1";"Lino marrÃ³n x 1 kg ";"SALVE LA TIERRA ";"KG";1;1;" $3.870,75 ";" $3.225,63 ";" $2.580,50 "
"SLTLM25";"Lino marrÃ³n x 25 kg ";"SALVE LA TIERRA ";"BOLSÃ“N";25;25;" $86.347,50 ";" $71.956,25 ";" $57.565,00 "
"SLTMP1";"MaÃ­z pisingallo x 1 kg ";"SALVE LA TIERRA ";"KG";1;1;" $3.324,75 ";" $2.770,63 ";" $2.216,50 "
"SLTMP25";"MaÃ­z pisingallo x 25 kg ";"SALVE LA TIERRA ";"BOLSÃ“N";25;25;" $74.167,50 ";" $61.806,25 ";" $49.445,00 "
"SLTPAD1";"Poroto Adzuki x 1 kg ";"SALVE LA TIERRA ";"KG";1;1;" $4.646,85 ";" $3.872,38 ";" $3.097,90 "
"SLTPAD25";"Poroto Adzuki x 25 kg ";"SALVE LA TIERRA ";"BOLSÃ“N";25;25;" $103.660,50 ";" $86.383,75 ";" $69.107,00 "
"SLTPAL1";"Poroto Alubia x 1 kg ";"SALVE LA TIERRA ";"KG";1;1;" $4.364,10 ";" $3.636,75 ";" $2.909,40 "
"SLTPAL25";"Poroto Alubia x 25 kg ";"SALVE LA TIERRA ";"BOLSÃ“N";25;25;" $97.353,00 ";" $81.127,50 ";" $64.902,00 "
"SLTPC1";"Poroto Colorado x 1 kg ";"SALVE LA TIERRA ";"KG";1;1;" $4.364,10 ";" $3.636,75 ";" $2.909,40 "
"SLTPC25";"Poroto Colorado x 25 kg ";"SALVE LA TIERRA ";"BOLSÃ“N";25;25;" $97.353,00 ";" $81.127,50 ";" $64.902,00 "
"SLTPS1";"Poroto de Soja x 1 kg ";"SALVE LA TIERRA ";"KG";1;1;" $2.295,15 ";" $1.912,63 ";" $1.530,10 "
"SLTPS25";"Poroto de Soja x 25 kg ";"SALVE LA TIERRA ";"BOLSÃ“N";25;25;" $51.199,50 ";" $42.666,25 ";" $34.133,00 "
"SLTPM1";"Poroto Mung x 1 kg ";"SALVE LA TIERRA ";"KG";1;1;" $3.198,00 ";" $2.665,00 ";" $2.132,00 "
"SLTPM25";"Poroto Mung x 25 kg ";"SALVE LA TIERRA ";"BOLSÃ“N";25;25;" $71.340,00 ";" $59.450,00 ";" $47.560,00 "
"SLTPN1";"Poroto Negro x 1 kg ";"SALVE LA TIERRA ";"KG";1;1;" $3.847,35 ";" $3.206,13 ";" $2.564,90 "
"SLTPN25";"Poroto Negro x 25 kg ";"SALVE LA TIERRA ";"BOLSÃ“N";25;25;" $85.825,50 ";" $71.521,25 ";" $57.217,00 "
"SLTSC1";"Semilla de Chia x 1 kg ";"SALVE LA TIERRA ";"KG";1;1;" $8.385,00 ";" $6.987,50 ";" $5.590,00 "
"SLTSC25";"Semilla de Chia x 25 kg ";"SALVE LA TIERRA ";"BOLSÃ“N";25;25;" $187.050,00 ";" $155.875,00 ";" $124.700,00 "
"SLTSG1";"Semilla de Girasol x 1 kg ";"SALVE LA TIERRA ";"KG";1;1;" $4.933,50 ";" $4.111,25 ";" $3.289,00 "
"SLTSG20";"Semilla de Girasol x 20 kg ";"SALVE LA TIERRA ";"BOLSÃ“N";20;20;" $88.044,00 ";" $73.370,00 ";" $58.696,00 "
"SLTS1";"SÃ©samo x 1 kg ";"SALVE LA TIERRA ";"KG";1;1;" $6.415,50 ";" $5.346,25 ";" $4.277,00 "
"SLTS25";"SÃ©samo x 25 kg ";"SALVE LA TIERRA ";"BOLSÃ“N";25;25;" $143.115,00 ";" $119.262,50 ";" $95.410,00 "
"SLTQ1";"Quinoa x 1 kg ";"SALVE LA TIERRA ";"KG";1;1;" $-   ";" $-   ";" $-   "
"SLTQ25";"Quinoa x 25 kg ";"SALVE LA TIERRA ";"BOLSÃ“N";25;25;" $-   ";" $-   ";" $-   "
"CGSAY1";"Arroz yamani x 1 Kg.";"CEREALES GRANOS Y SEMILLAS";"KG";1;1;" $-   ";" $-   ";" $-   "
"CGSAY30";"Arroz yamani x 25 Kg.";"CEREALES GRANOS Y SEMILLAS";"BOLSÃ“N";25;25;" $-   ";" $-   ";" $-   "
"CGSAYIO7U";"Arroz Yamani Integral OrgÃ¡nico ""Schatzi"" x 500 Grs.";"CEREALES GRANOS Y SEMILLAS";"UNIDAD";1;0,5;" $5.114,22 ";" $4.261,85 ";" $3.409,48 "
"CGSAYIO7C";"Arroz Yamani Integral OrgÃ¡nico ""Schatzi"" x 500 Grs. CAJA x 20u.";"CEREALES GRANOS Y SEMILLAS";"CAJA";20;10;" $98.192,95 ";" $81.827,46 ";" $65.461,97 "
"CGSAILF1";"Arroz integral largo fino x 1 Kg.";"CEREALES GRANOS Y SEMILLAS";"KG";1;1;" $-   ";" $-   ";" $-   "
"CGSAILF25";"Arroz integral largo fino x 25 Kg.";"CEREALES GRANOS Y SEMILLAS";"BOLSÃ“N";25;25;" $-   ";" $-   ";" $-   "
"CGSAILO7U";"Arroz Integral Largo OrgÃ¡nico ""Schatzi"" x 750 Grs.";"CEREALES GRANOS Y SEMILLAS";"UNIDAD";1;0,75;" $6.606,36 ";" $5.505,30 ";" $4.404,24 "
"CGSAILO7C";"Arroz Integral Largo OrgÃ¡nico ""Schatzi"" x 750 Grs. CAJA x 12u.";"CEREALES GRANOS Y SEMILLAS";"CAJA";12;9;" $76.027,34 ";" $63.356,11 ";" $50.684,89 "
"CGSABO7U";"Arroz Blanco OrgÃ¡nico ""Schatzi"" x 750 Grs.";"CEREALES GRANOS Y SEMILLAS";"UNIDAD";1;0,75;" $-   ";" $-   ";" $-   "
"CGSABO7C";"Arroz Blanco OrgÃ¡nico ""Schatzi"" x 750 Grs. CAJA x 12u.";"CEREALES GRANOS Y SEMILLAS";"CAJA";12;9;" $-   ";" $-   ";" $-   "
"CGSGOM4U";"Granola OrgÃ¡nica con Manzana ""Schatzi"" x 400 Grs.";"CEREALES GRANOS Y SEMILLAS";"UNIDAD";1;0,4;" $9.451,78 ";" $7.876,48 ";" $6.301,19 "
"CGSGOM4C";"Granola OrgÃ¡nica con Manzana ""Schatzi"" x 400 Grs. CAJA x 8u.";"CEREALES GRANOS Y SEMILLAS";"CAJA";8;3,2;" $72.515,31 ";" $60.429,43 ";" $48.343,54 "
"CGSGOM1U";"Granola OrgÃ¡nica con Manzana ""Schatzi"" x 1,5 Kg.";"CEREALES GRANOS Y SEMILLAS";"BOLSA";1;1,5;" $24.613,53 ";" $20.511,27 ";" $16.409,02 "
"CGSGID4U";"Granola Integral Desayuno ""Schatzi"" x 400 Grs.";"CEREALES GRANOS Y SEMILLAS";"UNIDAD";1;0,4;" $10.468,92 ";" $8.724,10 ";" $6.979,28 "
"CGSGID4C";"Granola Integral Desayuno ""Schatzi"" x 400 Grs. CAJA x 8U.";"CEREALES GRANOS Y SEMILLAS";"CAJA";8;3,2;" $80.318,95 ";" $66.932,46 ";" $53.545,97 "
"CGSGID1U";"Granola Integral Desayuno ""Schatzi"" x 1,5 Kg.";"CEREALES GRANOS Y SEMILLAS";"BOLSA";1;1,5;" $29.602,29 ";" $24.668,57 ";" $19.734,86 "
"CGSGP4U";"Granola Potencia ""Schatzi"" x 400 Grs.";"CEREALES GRANOS Y SEMILLAS";"UNIDAD";1;0,4;" $11.254,53 ";" $9.378,77 ";" $7.503,02 "
"CGSGP4C";"Granola Potencia ""Schatzi"" x 400 Grs. CAJA x 8U.";"CEREALES GRANOS Y SEMILLAS";"CAJA";8;3,2;" $86.346,22 ";" $71.955,18 ";" $57.564,15 "
"CGSGP1U";"Granola Potencia ""Schatzi"" x 1,5 Kg.";"CEREALES GRANOS Y SEMILLAS";"BOLSA";1;1,5;" $33.198,60 ";" $27.665,50 ";" $22.132,40 "
"CGSPSTO2U";"Proteina de soja texturizada OrgÃ¡nica ""Schatzi"" x 200 Grs.";"CEREALES GRANOS Y SEMILLAS";"UNIDAD";1;0,2;" $3.905,00 ";" $3.254,16 ";" $2.603,33 "
"CGSPSTO2C";"Proteina de soja texturizada OrgÃ¡nica ""Schatzi"" x 200 Grs. CAJA x 9";"CEREALES GRANOS Y SEMILLAS";"CAJA";9;1,8;" $33.704,60 ";" $28.087,17 ";" $22.469,73 "
"CGSPSTO1U";"Proteina de soja texturizada OrgÃ¡nica ""Schatzi"" x 1 Kg.";"CEREALES GRANOS Y SEMILLAS";"BOLSA";1;1;" $-   ";" $-   ";" $-   "
"CGSCMSAZ";"Copos de maiz SIN AZUCAR";"CEREALES GRANOS Y SEMILLAS";"BOLSA";3,5;3,5;" $11.792,06 ";" $9.826,72 ";" $7.861,38 "
"CGSCMCAZ";"Copos de maiz CON AZUCAR";"CEREALES GRANOS Y SEMILLAS";"BOLSA";4;4;" $18.276,00 ";" $15.230,00 ";" $12.184,00 "
"CGSSCT1";"Semilla de Chia TRADICIONAL x 1 kg ";"CEREALES GRANOS Y SEMILLAS";"KG";1;1;" $3.900,00 ";" $3.250,00 ";" $2.600,00 "
"CGSSCT25";"Semilla de Chia TRADICIONAL x 25 kg ";"CEREALES GRANOS Y SEMILLAS";"BOLSÃ“N";25;25;" $87.000,00 ";" $72.500,00 ";" $58.000,00 "
"CGSSGT1";"Semilla de Girasol TRADICIONAL x 1 kg ";"CEREALES GRANOS Y SEMILLAS";"KG";1;1;" $2.827,50 ";" $2.356,25 ";" $1.885,00 "
"CGSSGT20";"Semilla de Girasol TRADICIONAL x 20 kg ";"CEREALES GRANOS Y SEMILLAS";"BOLSÃ“N";20;20;" $50.460,00 ";" $42.050,00 ";" $33.640,00 "
"CGSSZAA1";"Semillas de Zapallo - AA x 1 Kg.";"CEREALES GRANOS Y SEMILLAS";"KG";1;1;" $15.300,00 ";" $12.750,00 ";" $10.200,00 "
"CGSSZAA5";"Semillas de Zapallo - AA x 5 Kg.";"CEREALES GRANOS Y SEMILLAS";"BOLSA";5;5;" $73.312,50 ";" $61.093,75 ";" $48.875,00 "
"CGSAI1";"Avena instantanea x 1 Kg.";"CEREALES GRANOS Y SEMILLAS";"KG";1;1;" $1.852,50 ";" $1.543,75 ";" $1.235,00 "
"CGSAI30";"Avena instantanea x 30 Kg.";"CEREALES GRANOS Y SEMILLAS";"BOLSÃ“N";30;30;" $51.300,00 ";" $42.750,00 ";" $34.200,00 "
"CGSAAO05U";"Avena arrollada orgÃ¡nica ""CAMPO CLARO"" x 500 Grs.";"CEREALES GRANOS Y SEMILLAS";"UNIDAD";1;0,5;" $1.876,61 ";" $1.563,84 ";" $1.251,07 "
"CGSAAO05C";"Avena arrollada orgÃ¡nica ""CAMPO CLARO"" x 500 Grs. CAJA X 10 u.";"CEREALES GRANOS Y SEMILLAS";"CAJA";10;5;" $18.015,47 ";" $15.012,89 ";" $12.010,31 "
"CGSAAO4";"Avena arrollada orgÃ¡nica ""CAMPO CLARO"" x 4 Kg.";"CEREALES GRANOS Y SEMILLAS";"BOLSA";4;4;" $-   ";" $-   ";" $-   "
"CGSAAO25";"Avena arrollada orgÃ¡nica ""CAMPO CLARO"" x 25 Kg.";"CEREALES GRANOS Y SEMILLAS";"BOLSA";25;25;" $-   ";" $-   ";" $-   "
"CGSPIO05U";"Polenta Inst. ""DEL CAMPO"" - OrgÃ¡nica SIN TACC - u. x 500 Grs.";"CEREALES GRANOS Y SEMILLAS";"UNIDAD";1;0,5;" $1.150,80 ";" $959,00 ";" $767,20 "
"CGSPIO05P";"Polenta Inst. ""DEL CAMPO"" - OrgÃ¡nica SIN TACC - Pack x 20 u.";"CEREALES GRANOS Y SEMILLAS";"PACK";20;10;" $21.336,00 ";" $17.780,00 ";" $14.224,00 "
"HCC11";"Harina Integral Pan ""CAMPO CLARO"" - x 1 Kg.";"HARINAS";"UNIDAD";1;1;" $2.169,42 ";" $1.807,85 ";" $1.446,28 "
"HCC10";"Harina Integral Pan ""CAMPO CLARO"" - x 1 Kg. CAJA x 10 u.";"HARINAS";"CAJA";10;10;" $20.826,45 ";" $17.355,37 ";" $13.884,30 "
"HCC5";"Harina Integral Pan ""CAMPO CLARO"" - x 5 Kg.";"HARINAS";"BOLSA";5;5;" $9.575,40 ";" $7.979,50 ";" $6.383,60 "
"HCC25";"Harina Integral Pan ""CAMPO CLARO"" - x 25 Kg.";"HARINAS";"BOLSA";25;25;" $44.938,69 ";" $37.448,91 ";" $29.959,13 "
"HMT31";"Harina de Trigo Integral Organica 000 ""MAYAL"" - x 1 Kg";"HARINAS";"KG";1;1;" $2.160,00 ";" $1.800,00 ";" $1.440,00 "
"HMT35";"Harina de Trigo Integral Organica 000 ""MAYAL"" - x 5 Kg";"HARINAS";"BOLSA";5;5;" $9.711,00 ";" $8.092,50 ";" $6.474,00 "
"HMT325";"Harina de Trigo Integral Organica 000 ""MAYAL"" - x 25 Kg";"HARINAS";"BOLSA";25;25;" $44.460,00 ";" $37.050,00 ";" $29.640,00 "
"HMT41";"Harina de Trigo Integral Organica 0000 ""MAYAL"" - x 1 Kg";"HARINAS";"KG";1;1;" $2.340,00 ";" $1.950,00 ";" $1.560,00 "
"HMT45";"Harina de Trigo Integral Organica 0000 ""MAYAL"" - x 5 Kg";"HARINAS";"BOLSA";5;5;" $10.881,00 ";" $9.067,50 ";" $7.254,00 "
"HMT425";"Harina de Trigo Integral Organica 0000 ""MAYAL"" - x 25 Kg";"HARINAS";"BOLSA";25;25;" $49.374,00 ";" $41.145,00 ";" $32.916,00 "
"HMC1";"Harina Centeno Organica ""MAYAL"" - x 1 Kg";"HARINAS";"KG";1;1;" $3.294,00 ";" $2.745,00 ";" $2.196,00 "
"HMC5";"Harina Centeno Organica ""MAYAL"" - x 5 Kg";"HARINAS";"BOLSA";5;5;" $15.234,75 ";" $12.695,63 ";" $10.156,50 "
"HMC20";"Harina Centeno Organica ""MAYAL"" - x 20 Kg";"HARINAS";"BOLSA";20;20;" $55.449,00 ";" $46.207,50 ";" $36.966,00 "
"HME1";"Harina Espelta ""MAYAL"" x 1 kg.";"HARINAS";"KG";1;1;" $4.752,00 ";" $3.960,00 ";" $3.168,00 "
"HME5";"Harina Espelta ""MAYAL"" x 5 kg.";"HARINAS";"BOLSA";5;5;" $22.248,00 ";" $18.540,00 ";" $14.832,00 "
"HMM1";"Harina de maiz ""MAYAL"" x 1 kg.";"HARINAS";"KG";1;1;" $2.052,00 ";" $1.710,00 ";" $1.368,00 "
"HMM5";"Harina de maiz ""MAYAL"" x 5 kg.";"HARINAS";"BOLSA";5;5;" $9.288,00 ";" $7.740,00 ";" $6.192,00 "
"HA1";"Harina de Almendra x 1 Kg.";"HARINAS";"KG";1;1;" $4.875,00 ";" $4.062,50 ";" $3.250,00 "
"HA10";"Harina de Almendra x 10 Kg.";"HARINAS";"PACK";10;10;" $45.000,00 ";" $37.500,00 ";" $30.000,00 "
"HFM1";"FÃ©cula de Mandioca ""ALDEMA"" x 1 Kg.";"HARINAS";"UNIDAD";1;1;" $-   ";" $-   ";" $-   "
"HFM1B";"FÃ©cula de Mandioca ""ALDEMA"" x Bolsa 10 u. x 1 Kg.";"HARINAS";"PACK";10;10;" $-   ";" $-   ";" $-   "
"HFAG1";"FÃ©cula de Mandioca ""AG"" x 1 Kg.";"HARINAS";"UNIDAD";1;1;" $1.950,00 ";" $1.625,00 ";" $1.300,00 "
"HFM25";"FÃ©cula de Mandioca  x 25 Kg.";"HARINAS";"BOLSA";25;25;" $37.800,00 ";" $31.500,00 ";" $25.200,00 "
"HMP1";"Maca peruana "" Kallpa""  x 500 grs.";"HARINAS";"UNIDAD";1;0,5;" $1.852,50 ";" $1.543,75 ";" $1.235,00 "
"HMP100";"Maca peruana "" Kallpa"" Bolsa x 100 u.";"HARINAS";"BOLSÃ“N";100;50;" $171.000,00 ";" $142.500,00 ";" $114.000,00 "
"HMPR1";"Maca peruana "" Kallpa"" ROJA x 500 grs.";"HARINAS";"UNIDAD";1;0,5;" $-   ";" $-   ";" $-   "
"HMPN1";"Maca peruana NEGRA x 150 grs.";"HARINAS";"UNIDAD";1;0,2;" $1.725,00 ";" $1.437,50 ";" $1.150,00 "
"HLEF25";"Harina integral ""LILEN"" PASTELERIA X25K";"HARINAS";"BOLSA";25;25;" $16.978,28 ";" $14.148,56 ";" $11.318,85 "
"HLMSEF";"Harina integral de trigo 0000 ""LOMA BRAVA"" 25k";"HARINAS";"BOLSA";25;25;" $34.196,40 ";" $28.497,00 ";" $22.797,60 "
"HLMC20";"Harina de centeno 0000 ""LOMA BRAVA"" 20K";"HARINAS";"BOLSA";20;20;" $38.104,56 ";" $31.753,80 ";" $25.403,04 "
"HLMMM5";"Harina de maiz MORADO x 5K ""LOMA BRAVA""";"HARINAS";"BOLSA";5;5;" $-   ";" $-   ";" $-   "
"HLMSB1";"Harina de SORGO BLANCO x 1 kg""LOMA BRAVA"" ";"HARINAS";"UNIDAD";1;1;" $-   ";" $-   ";" $-   "
"FITCC1";"Fideos Int. Pan. Tallarin ""CAMPO CLARO"" x 500 Grs.";"FIDEOS";"UNIDAD";1;0,5;" $2.018,90 ";" $1.682,42 ";" $1.345,94 "
"FITCC12";"Fideos Int. Pan. Tallarin ""CAMPO CLARO"" Caja 12 u. x 500 Grs.";"FIDEOS";"CAJA";12;6;" $23.257,79 ";" $19.381,49 ";" $15.505,19 "
"FEFCC1";"Fideos Espinaca Fettuccine ""CAMPO CLARO"" x 500 Grs.";"FIDEOS";"UNIDAD";1;0,5;" $2.080,89 ";" $1.734,07 ";" $1.387,26 "
"FEFCC12";"Fideos Espinaca Fettuccine Caja ""CAMPO CLARO"" 12 u. x 500 Grs.";"FIDEOS";"CAJA";12;6;" $23.971,83 ";" $19.976,53 ";" $15.981,22 "
"FIGCC1";"Fideos Integral  GARBANZO CODITOS ""CAMPO CLARO"" x 500 Grs.";"FIDEOS";"UNIDAD";1;0,5;" $2.080,89 ";" $1.734,07 ";" $1.387,26 "
"FIGCC12";"Fideos Integral GARBANZO CODITOS ""CAMPO CLARO"" x Caja x 12 u.";"FIDEOS";"CAJA";12;6;" $23.971,83 ";" $19.976,53 ";" $15.981,22 "
"DAR1";"ArÃ¡ndano rojo x 1 Kg.";"DESHIDRATADOS";"KG";1;1;" $16.117,66 ";" $13.431,38 ";" $10.745,10 "
"DAR11";"ArÃ¡ndano rojo x Caja de 11,34 Kg.";"DESHIDRATADOS";"CAJA";11,34;11,34;" $179.595,54 ";" $149.662,95 ";" $119.730,36 "
"DAM1";"Azucar Mascabo x 1 Kg.";"DESHIDRATADOS";"KG";1;1;" $2.646,00 ";" $2.205,00 ";" $1.764,00 "
"DAMCC";"Azucar Mascabo x 100 Kg.";"DESHIDRATADOS";"PALLET";100;100;" $226.800,00 ";" $189.000,00 ";" $151.200,00 "
"DAOS05";"Azucar OrgÃ¡nico ""Schatzi"" x 500 Grs.";"DESHIDRATADOS";"UNIDAD";1;0,5;" $5.198,42 ";" $4.332,02 ";" $3.465,61 "
"DAOS16";"Azucar OrgÃ¡nico ""Schatzi"" x 500 Grs. CAJA x 16 u.";"DESHIDRATADOS";"CAJA";16;8;" $75.165,34 ";" $62.637,78 ";" $50.110,23 "
"DAOSU3";"Azucar OrgÃ¡nico ""Schatzi"" x 3 Kg.";"DESHIDRATADOS";"BOLSA";3;3;" $21.312,83 ";" $17.760,69 ";" $14.208,55 "
"DAOSU25";"Azucar OrgÃ¡nico ""Schatzi"" x 25 Kg.";"DESHIDRATADOS";"BOLSÃ“N";25;25;" $-   ";" $-   ";" $-   "
"DAOSI25";"Azucar OrgÃ¡nico ""SAN ISIDRO"" x 25 Kg.";"DESHIDRATADOS";"BOLSÃ“N";25;25;" $-   ";" $-   ";" $-   "
"DBGO1";"Bayas de goyi x 1 kg.";"DESHIDRATADOS";"UNIDAD";1;1;" $-   ";" $-   ";" $-   "
"DCB1";"Chip de bananita x 1 Kg.";"DESHIDRATADOS";"KG";1;1;" $9.558,00 ";" $7.965,00 ";" $6.372,00 "
"DCB68";"Chip de bananita x Caja de 6,80 Kg.";"DESHIDRATADOS";"CAJA";6,8;6,8;" $62.240,40 ";" $51.867,00 ";" $41.493,60 "
"DCPG1";"Ciruela Presidente - grande x 1 Kg.";"DESHIDRATADOS";"KG";1;1;" $8.850,00 ";" $7.375,00 ";" $5.900,00 "
"DCPG5";"Ciruela Presidente - grande x Caja de 5 Kg.";"DESHIDRATADOS";"CAJA";5;5;" $42.375,00 ";" $35.312,50 ";" $28.250,00 "
"DCPM1";"Ciruela Presidente - mediana x 1 Kg.";"DESHIDRATADOS";"KG";1;1;" $7.080,00 ";" $5.900,00 ";" $4.720,00 "
"DCPM5";"Ciruela Presidente - mediana x Caja de 5 Kg.";"DESHIDRATADOS";"CAJA";5;5;" $33.900,00 ";" $28.250,00 ";" $22.600,00 "
"DCBSC1";"Ciruela bombÃ³n sin carozo x 1 Kg.";"DESHIDRATADOS";"KG";1;1;" $3.540,00 ";" $2.950,00 ";" $2.360,00 "
"DCBSC5";"Ciruela bombÃ³n sin carozo x Caja de 5 Kg.";"DESHIDRATADOS";"CAJA";5;5;" $16.950,00 ";" $14.125,00 ";" $11.300,00 "
"DCCC1";"Ciruela con carozo x 1 Kg.";"DESHIDRATADOS";"KG";1;1;" $3.451,50 ";" $2.876,25 ";" $2.301,00 "
"DCCC10";"Ciruela con carozo x Caja de 10 Kg.";"DESHIDRATADOS";"CAJA";10;10;" $33.052,50 ";" $27.543,75 ";" $22.035,00 "
"DCHF1";"Coco rallado x 1 Kg.";"DESHIDRATADOS";"KG";1;1;" $7.200,00 ";" $6.000,00 ";" $4.800,00 "
"DCHF25";"Coco rallado x 25 Kg.";"DESHIDRATADOS";"BOLSÃ“N";25;25;" $172.500,00 ";" $143.750,00 ";" $115.000,00 "
"DCEHF1";"Coco en escamas x 1 Kg.";"DESHIDRATADOS";"KG";1;1;" $12.090,00 ";" $10.075,00 ";" $8.060,00 "
"DCEHF10";"Coco en escamas x 10 Kg.";"DESHIDRATADOS";"CAJA";10;10;" $111.600,00 ";" $93.000,00 ";" $74.400,00 "
"DDT1";"Damasco turco x 1 Kg.";"DESHIDRATADOS";"KG";1;1;" $15.186,60 ";" $12.655,50 ";" $10.124,40 "
"DDT5";"Damasco turco x Caja de 5 Kg.";"DESHIDRATADOS";"CAJA";5;5;" $72.715,50 ";" $60.596,25 ";" $48.477,00 "
"DDI1";"Datil EGIPTO x 1 Kg.";"DESHIDRATADOS";"KG";1;1;" $-   ";" $-   ";" $-   "
"DDI5";"Datil EGIPTO x Caja de 5 Kg.";"DESHIDRATADOS";"CAJA";5;5;" $-   ";" $-   ";" $-   "
"DDA1";"Datil Argelia x 1 Kg.";"DESHIDRATADOS";"KG";1;1;" $9.720,00 ";" $8.100,00 ";" $6.480,00 "
"DDA5";"Datil Argelia x Caja de 5 Kg.";"DESHIDRATADOS";"CAJA";5;5;" $46.575,00 ";" $38.812,50 ";" $31.050,00 "
"DDM1";"Datil Medjoul ISRAEL x 1 Kg.";"DESHIDRATADOS";"KG";1;1;" $20.625,00 ";" $17.187,50 ";" $13.750,00 "
"DDM5";"Datil Medjoul ISRAEL x 5 Kg.";"DESHIDRATADOS";"CAJA";5;5;" $97.350,00 ";" $81.125,00 ";" $64.900,00 "
"DDMM1";"Datil Medjoul MEXICO x 1 Kg.";"DESHIDRATADOS";"KG";1;1;" $-   ";" $-   ";" $-   "
"DDMM5";"Datil Medjoul MEXICO x Caja de 5 Kg.";"DESHIDRATADOS";"CAJA";5;5;" $-   ";" $-   ";" $-   "
"DDUM1";"Durazno en mitades x 1 Kg.";"DESHIDRATADOS";"KG";1;1;" $11.682,00 ";" $9.735,00 ";" $7.788,00 "
"DDUM5";"Durazno en mitades x Caja de 5 Kg.";"DESHIDRATADOS";"CAJA";5;5;" $55.935,00 ";" $46.612,50 ";" $37.290,00 "
"DHN1";"Higo Negro x 1 Kg.";"DESHIDRATADOS";"KG";1;1;" $6.732,00 ";" $5.610,00 ";" $4.488,00 "
"DHN5";"Higo Negro x Caja de 5 Kg.";"DESHIDRATADOS";"CAJA";5;5;" $32.257,50 ";" $26.881,25 ";" $21.505,00 "
"DHTC1";"Higo Turco Suer x 1 Kg.";"DESHIDRATADOS";"KG";1;1;" $-   ";" $-   ";" $-   "
"DHTC5";"Higo Turco Suer Caja x 5 Kg.";"DESHIDRATADOS";"CAJA";5;5;" $-   ";" $-   ";" $-   "
"DHTL1";"Higo turco Lerida x 1 kg.";"DESHIDRATADOS";"KG";1;1;" $-   ";" $-   ";" $-   "
"DHTL25";"Higo turco Lerida CAJA X 2,5";"DESHIDRATADOS";"CAJA";2,5;2,5;" $-   ";" $-   ";" $-   "
"DHC1";"Hongo chileno x 1 Kg.";"DESHIDRATADOS";"KG";1;1;" $21.960,00 ";" $18.300,00 ";" $14.640,00 "
"DHC15";"Hongo chileno x 15 kg";"DESHIDRATADOS";"BOLSÃ“N";15;15;" $310.500,00 ";" $258.750,00 ";" $207.000,00 "
"DMFO1";"Maiz frito - ORIGINAL x 1 Kg.";"DESHIDRATADOS";"KG";1;1;" $11.531,25 ";" $9.609,38 ";" $7.687,50 "
"DMFO5";"Maiz frito - ORIGINAL x 5 Kg.";"DESHIDRATADOS";"KG";5;5;" $55.312,50 ";" $46.093,75 ";" $36.875,00 "
"DMFB1";"Maiz frito - BARBACOA x 1 Kg.";"DESHIDRATADOS";"KG";1;1;" $-   ";" $-   ";" $-   "
"DMFB5";"Maiz frito - BARBACOA x 5 Kg.";"DESHIDRATADOS";"KG";5;5;" $-   ";" $-   ";" $-   "
"DMFMM1";"Maiz frito - MOSTAZA Y MIEL x 1 Kg.";"DESHIDRATADOS";"KG";1;1;" $-   ";" $-   ";" $-   "
"DMFMM5";"Maiz frito - MOSTAZA Y MIEL x 5 Kg.";"DESHIDRATADOS";"KG";5;5;" $-   ";" $-   ";" $-   "
"DPJ1";"Pasas Jumbo x 1 Kg.";"DESHIDRATADOS";"KG";1;1;" $4.336,50 ";" $3.613,75 ";" $2.891,00 "
"DPJ10";"Pasas Jumbo Caja x 10 Kg.";"DESHIDRATADOS";"CAJA";10;10;" $41.527,50 ";" $34.606,25 ";" $27.685,00 "
"DPF1";"Pasas Flame x 1 Kg.";"DESHIDRATADOS";"KG";1;1;" $3.168,30 ";" $2.640,25 ";" $2.112,20 "
"DPF10";"Pasas Flame Caja x 10 Kg.";"DESHIDRATADOS";"CAJA";10;10;" $30.340,50 ";" $25.283,75 ";" $20.227,00 "
"DPR1";"Pasas rubias sin semillas x 1 Kg.";"DESHIDRATADOS";"KG";1;1;" $8.938,50 ";" $7.448,75 ";" $5.959,00 "
"DPR10";"Pasas rubias sin semillas x 10 Kg.";"DESHIDRATADOS";"CAJA";10;10;" $85.597,50 ";" $71.331,25 ";" $57.065,00 "
"DPRE1";"Pasas rubias economicas x 1 Kg.";"DESHIDRATADOS";"KG";1;1;" $-   ";" $-   ";" $-   "
"DPRE10";"Pasas rubias economicas x 10 Kg.";"DESHIDRATADOS";"CAJA";10;10;" $-   ";" $-   ";" $-   "
"DPD1";"Pera disecada x 1 Kg.";"DESHIDRATADOS";"KG";1;1;" $10.764,00 ";" $8.970,00 ";" $7.176,00 "
"DPD5";"Pera disecada x Caja de 5 Kg.";"DESHIDRATADOS";"CAJA";5;5;" $51.577,50 ";" $42.981,25 ";" $34.385,00 "
"DTD1";"Tomate deshidratado x 1 Kg.";"DESHIDRATADOS";"KG";1;1;" $14.868,00 ";" $12.390,00 ";" $9.912,00 "
"DTD5";"Tomate deshidratado x 5 Kg.";"DESHIDRATADOS";"CAJA";5;5;" $71.190,00 ";" $59.325,00 ";" $47.460,00 "
"FSAN1";"Almendra nompareil x 1 Kg.";"FRUTOS SECOS";"KG";1;1;" $18.112,50 ";" $15.093,75 ";" $12.075,00 "
"FSAN10";"Almendra nompareil x 10 Kg.";"FRUTOS SECOS";"CAJA";10;10;" $176.400,00 ";" $147.000,00 ";" $117.600,00 "
"FSAR1";"Almendra ramillada x 1 Kg.";"FRUTOS SECOS";"KG";1;1;" $14.040,00 ";" $11.700,00 ";" $9.360,00 "
"FSAR10";"Almendra ramillada x 10 Kg.";"FRUTOS SECOS";"CAJA";10;10;" $135.600,00 ";" $113.000,00 ";" $90.400,00 "
"FSAE1";"Almendra econÃ³mica x 1 Kg.";"FRUTOS SECOS";"KG";1;1;" $14.566,50 ";" $12.138,75 ";" $9.711,00 "
"FSAE10";"Almendra econÃ³mica x 10 Kg.";"FRUTOS SECOS";"CAJA";10;10;" $140.685,00 ";" $117.237,50 ";" $93.790,00 "
"FSAM1";"Avellana - Mediana x 1 Kg.";"FRUTOS SECOS";"KG";1;1;" $-   ";" $-   ";" $-   "
"FSAM10";"Avellana - Mediana x 10 Kg.";"FRUTOS SECOS";"CAJA";10;10;" $-   ";" $-   ";" $-   "
"FSAG1";"Avellana - Grande x 1 Kg.";"FRUTOS SECOS";"KG";1;1;" $23.787,75 ";" $19.823,13 ";" $15.858,50 "
"FSAG10";"Avellana - Grande x 10 Kg.";"FRUTOS SECOS";"CAJA";10;10;" $231.672,00 ";" $193.060,00 ";" $154.448,00 "
"FSCNV1";"CastaÃ±a de caju VIETNAM - NATURAL x 1 Kg.";"FRUTOS SECOS";"KG";1;1;" $12.937,50 ";" $10.781,25 ";" $8.625,00 "
"FSCNV22";"CastaÃ±a de caju VIETNAM- NATURAL x Caja x 20 Kg.";"FRUTOS SECOS";"CAJA";20;20;" $252.000,00 ";" $210.000,00 ";" $168.000,00 "
"FSCN1";"CastaÃ±a de caju - NATURAL x 1 Kg.";"FRUTOS SECOS";"KG";1;1;" $15.007,50 ";" $12.506,25 ";" $10.005,00 "
"FSCN22";"CastaÃ±a de caju - NATURAL x Caja de 22,68 Kg.";"FRUTOS SECOS";"CAJA";22,68;22,68;" $331.490,88 ";" $276.242,40 ";" $220.993,92 "
"FSCT1";"CastaÃ±a de caju -TOSTADA x 1 Kg.";"FRUTOS SECOS";"KG";1;1;" $15.870,00 ";" $13.225,00 ";" $10.580,00 "
"FSCT22";"CastaÃ±a de caju -TOSTADA x Caja de 22,68 Kg.";"FRUTOS SECOS";"CAJA";22,68;22,68;" $350.542,08 ";" $292.118,40 ";" $233.694,72 "
"FSCTS1";"CastaÃ±a de caju -SALADA x 1 Kg.";"FRUTOS SECOS";"KG";1;1;" $16.042,50 ";" $13.368,75 ";" $10.695,00 "
"FSTS22";"CastaÃ±a de caju -SALADA x Caja de 22,68 Kg.";"FRUTOS SECOS";"CAJA";22,68;22,68;" $354.352,32 ";" $295.293,60 ";" $236.234,88 "
"FSCPP1";"CastaÃ±a de parÃ¡ entera x 1 Kg.";"FRUTOS SECOS";"KG";1;1;" $20.178,00 ";" $16.815,00 ";" $13.452,00 "
"FSCPP20";"CastaÃ±a de parÃ¡ entera x 20 Kg.";"FRUTOS SECOS";"CAJA";20;20;" $386.460,00 ";" $322.050,00 ";" $257.640,00 "
"FSMC1";"Mani con cÃ¡scara x 1 Kg.";"FRUTOS SECOS";"KG";1;1;" $4.218,75 ";" $3.515,63 ";" $2.812,50 "
"FSMC5";"Mani con cÃ¡scara x 5 Kg.";"FRUTOS SECOS";"BOLSÃ“N";5;5;" $19.743,75 ";" $16.453,13 ";" $13.162,50 "
"FSMTS1";"Mani tostado - SALADO x 1 Kg.";"FRUTOS SECOS";"KG";1;1;" $3.870,00 ";" $3.225,00 ";" $2.580,00 "
"FSMTS25";"Mani tostado - SALADO x 25 Kg.";"FRUTOS SECOS";"BOLSÃ“N";25;25;" $92.718,75 ";" $77.265,63 ";" $61.812,50 "
"FSMT1";"Mani tostado - SIN SAL x 1 Kg.";"FRUTOS SECOS";"KG";1;1;" $3.870,00 ";" $3.225,00 ";" $2.580,00 "
"FSMT25";"Mani tostado - SIN SAL x 25 Kg.";"FRUTOS SECOS";"BOLSÃ“N";25;25;" $92.718,75 ";" $77.265,63 ";" $61.812,50 "
"FSNC1";"Nuez con cÃ¡scara x 1 Kg.";"FRUTOS SECOS";"KG";1;1;" $5.400,00 ";" $4.500,00 ";" $3.600,00 "
"FSNC10";"Nuez con cÃ¡scara x 10 Kg.";"FRUTOS SECOS";"BOLSÃ“N";10;10;" $51.750,00 ";" $43.125,00 ";" $34.500,00 "
"FSNE1";"Nuez mariposa extra light x 1 Kg.";"FRUTOS SECOS";"KG";1;1;" $10.620,00 ";" $8.850,00 ";" $7.080,00 "
"FSNE10";"Nuez mariposa extra light x 10 Kg.";"FRUTOS SECOS";"CAJA";10;10;" $101.700,00 ";" $84.750,00 ";" $67.800,00 "
"FSNL1";"Nuez mariposa light x 1 Kg.";"FRUTOS SECOS";"KG";1;1;" $10.266,00 ";" $8.555,00 ";" $6.844,00 "
"FSNL10";"Nuez mariposa light x 10 Kg.";"FRUTOS SECOS";"CAJA";10;10;" $98.310,00 ";" $81.925,00 ";" $65.540,00 "
"FSNEC1";"Nuez cuartos extra light x 1 Kg";"FRUTOS SECOS";"KG";1;1;" $10.266,00 ";" $8.555,00 ";" $6.844,00 "
"FSNEC10";"Nuez cuartos extra ligth x 10 Kg.";"FRUTOS SECOS";"CAJA";10;10;" $98.310,00 ";" $81.925,00 ";" $65.540,00 "
"FSNP1";"Nuez pecan x 1 kg.";"FRUTOS SECOS";"KG";1;1;" $-   ";" $-   ";" $-   "
"FSNP10";"Nuez pecan x 10 kg.";"FRUTOS SECOS";"CAJA";10;10;" $-   ";" $-   ";" $-   "
"FSPTS1";"Pistacho tostado y salado x 1 Kg.";"FRUTOS SECOS";"KG";1;1;" $24.043,50 ";" $20.036,25 ";" $16.029,00 "
"FSPTS10";"Pistacho tostado y salado x Caja de 10 Kg.";"FRUTOS SECOS";"CAJA";10;10;" $230.160,00 ";" $191.800,00 ";" $153.440,00 "
"MMC1";"Mix clÃ¡sico x 1 Kg. (pasa rubias y negras, caju, nuez, almendra)";"MIXES";"KG";1;1;" $9.518,55 ";" $7.932,13 ";" $6.345,70 "
"MMC10";"Mix clÃ¡sico x 10 kg.(pasa rubias y negras, caju, nuez, almendra)";"MIXES";"PACK";10;10;" $91.874,70 ";" $76.562,25 ";" $61.249,80 "
"MMCM1";"Mix clÃ¡sico (c/ mani) x 1 Kg.(pasa rubias y negras, caju, nuez, almendra,mani)";"MIXES";"KG";1;1;" $8.550,25 ";" $7.125,21 ";" $5.700,17 "
"MMCM12";"Mix clÃ¡sico (c/ mani) x 12 kg.(pasa rubias y negras, caju, nuez, almendra,mani)";"MIXES";"PACK";12;12;" $99.034,20 ";" $82.528,50 ";" $66.022,80 "
"MMS1";"Mix seco x 1 Kg.(avellanas, nuez, caju, almendra)";"MIXES";"KG";1;1;" $14.038,91 ";" $11.699,09 ";" $9.359,28 "
"MMS10";"Mix seco x 10 kg.(avellanas, nuez, caju,almendra)";"MIXES";"PACK";10;10;" $135.506,03 ";" $112.921,69 ";" $90.337,35 "
"MMSM1";"Mix seco (c/ mani) x 1 Kg.(avellanas, nuez, caju,almendra,mani)";"MIXES";"KG";1;1;" $12.317,22 ";" $10.264,35 ";" $8.211,48 "
"MMSM12";"Mix seco (c/ mani) x 12kg.(avellanas, nuez, caju, almendra,mani)";"MIXES";"PACK";12;12;" $142.665,53 ";" $118.887,94 ";" $95.110,35 "
"MMT1";"Mix tropical x 1 Kg.(pasa rubias y negras, caju, nuez, almendra, bananita)";"MIXES";"KG";1;1;" $8.090,25 ";" $6.741,88 ";" $5.393,50 "
"MMT12";"Mix tropical x 12kg.(pasa rubias y negras, caju, nuez, almendra, bananita)";"MIXES";"PACK";12;12;" $93.706,20 ";" $78.088,50 ";" $62.470,80 "
"MMG1";"Mix Grace x 1 Kg.(pasa rubias y negras, caju, nuez, almendra,mani,girasol)";"MIXES";"KG";1;1;" $-   ";" $-   ";" $-   "
"MMG10";"Mix Grace x 10kg.(pasa rubias y negras, caju, nuez, almendra,mani,girasol)";"MIXES";"PACK";10;10;" $-   ";" $-   ";" $-   "
"MMEC1";"Mix economico x 6 Kg.(mani,pasas rubias y negras, caju, nuez, almendra)";"MIXES";"KG";6;1;" $34.060,13 ";" $28.383,44 ";" $22.706,75 "
"MMEC12";"Mix economico x 12 Kg.(mani,pasas rubias y negras, caju, nuez, almendra)";"MIXES";"PACK";12;12;" $65.750,85 ";" $54.792,38 ";" $43.833,90 "
"MMECC1";"Mix CARLA x 5 Kg.(mani, pasas rubias y negras, nuez, almendra)";"MIXES";"KG";5;1;" $29.275,80 ";" $24.396,50 ";" $19.517,20 "
"MMECC10";"Mix CARLA x 10 Kg.(mani, pasas rubias y negras, nuez, almendra)";"MIXES";"PACK";10;10;" $57.063,00 ";" $47.552,50 ";" $38.042,00 "
"MMST5";"Mix de Semillas x 5 Kg. (Sesamo, girasol, lino marron)";"MIXES";"KG";5;5;" $15.750,00 ";" $13.125,00 ";" $10.500,00 "
"AACS32501";"Aceite de coco  ""SITARAM"" X 250 cc.";"ACEITES";"UNIDAD";1;0,25;" $5.717,25 ";" $4.764,38 ";" $3.811,50 "
"AACS25012";"Aceite de coco  ""SITARAM"" X 250 cc. Pack x 20";"ACEITES";"PACK";20;5;" $109.620,00 ";" $91.350,00 ";" $73.080,00 "
"AACS3601";"Aceite de coco  ""SITARAM"" X 360 cc.";"ACEITES";"UNIDAD";1;0,36;" $7.024,05 ";" $5.853,38 ";" $4.682,70 "
"AACS36012";"Aceite de coco  ""SITARAM"" X 360 cc. Pack x 20";"ACEITES";"PACK";20;7,2;" $134.676,00 ";" $112.230,00 ";" $89.784,00 "
"AACS6601";"Aceite de coco  ""SITARAM"" X 660 cc.";"ACEITES";"UNIDAD";1;0,66;" $11.035,20 ";" $9.196,00 ";" $7.356,80 "
"AACS66012";"Aceite de coco virgen ""SITARAM"" X 660 cc. Pack x 12";"ACEITES";"PACK";12;7,92;" $126.950,40 ";" $105.792,00 ";" $84.633,60 "
"AACV2501";"Aceite de coco ""VALLE ORGÃNICO"" x Bot. 250 Cc.";"ACEITES";"UNIDAD";1;0,25;" $5.099,10 ";" $4.249,25 ";" $3.399,40 "
"AACV250P";"Aceite de coco ""VALLE ORGÃNICO"" x Bot. 250 Cc. PACK x 20u.";"ACEITES";"PACK";20;20;" $97.548,00 ";" $81.290,00 ";" $65.032,00 "
"AACV3601";"Aceite de coco ""VALLE ORGÃNICO"" x Frasco 360 Cc.";"ACEITES";"UNIDAD";1;0,36;" $7.069,43 ";" $5.891,19 ";" $4.712,95 "
"AACV360P";"Aceite de coco ""VALLE ORGÃNICO"" x Frasco 360 Cc. PACK x 20 u.";"ACEITES";"PACK";20;20;" $135.546,00 ";" $112.955,00 ";" $90.364,00 "
"AAOSNP11";"Aceite de Oliva ""SAN NICOLAS"" x Pet 250 Cc.";"ACEITES";"UNIDAD";1;0,25;" $8.178,12 ";" $6.815,10 ";" $5.452,08 "
"AAOSNP12";"Aceite de Oliva ""SAN NICOLAS"" x Pet 250 Cc. Pack x 20u.";"ACEITES";"PACK";20;20;" $156.572,56 ";" $130.477,13 ";" $104.381,71 "
"AAOSNP21";"Aceite de Oliva ""SAN NICOLAS"" x Pet 500 Cc.";"ACEITES";"UNIDAD";1;0,5;" $14.886,13 ";" $12.405,11 ";" $9.924,09 "
"AAOSNP22";"Aceite de Oliva ""SAN NICOLAS"" x Pet 500 Cc. Pack x 20 u.";"ACEITES";"PACK";20;20;" $284.999,43 ";" $237.499,52 ";" $189.999,62 "
"AAOSNP31";"Aceite de Oliva ""SAN NICOLAS"" x Pet 1 Lt.";"ACEITES";"UNIDAD";1;1;" $27.138,36 ";" $22.615,30 ";" $18.092,24 "
"AAOSNP32";"Aceite de Oliva ""SAN NICOLAS"" x Pet 1 Lt. Pack x 12u.";"ACEITES";"PACK";12;12;" $311.743,21 ";" $259.786,01 ";" $207.828,81 "
"AAOSNP41";"Aceite de Oliva ""SAN NICOLAS"" x Pet 2 Lts.";"ACEITES";"UNIDAD";1;2;" $51.987,54 ";" $43.322,95 ";" $34.658,36 "
"AAOSNP42";"Aceite de Oliva ""SAN NICOLS"" x Pet 2 Lts. Pack x 6u";"ACEITES";"PACK";6;12;" $298.595,08 ";" $248.829,24 ";" $199.063,39 "
"AAOSNP51";"Aceite OLIVA ""SAN NICOLAS"" x Pet 5 Lts.";"ACEITES";"UNIDAD";1;5;" $-   ";" $-   ";" $-   "
"AAOSNP52";"Aceite OLIVA ""SAN NICOLAS"" x Pet 5 Lts. CAJA x 2 U.";"ACEITES";"PACK";2;10;" $-   ";" $-   ";" $-   "
"AAOSNV11";"Aceite de Oliva ""SAN NICOLAS"" x Vidrio 250 Cc.";"ACEITES";"UNIDAD";1;0,25;" $9.273,14 ";" $7.727,61 ";" $6.182,09 "
"AAOSNV12";"Aceite de Oliva ""SAN NICOLAS"" x Vidrio 250 Cc. Pack x 20 u.";"ACEITES";"PACK";20;5;" $174.553,14 ";" $145.460,95 ";" $116.368,76 "
"AAOSNV21";"Aceite de Oliva ""SAN NICOLAS"" x Vidrio 500 Cc.";"ACEITES";"UNIDAD";1;0,5;" $15.534,85 ";" $12.945,71 ";" $10.356,57 "
"AAOSNV22";"Aceite de Oliva ""SAN NICOLÃS"" x Vidrio 500 Cc. Pack x 20 u.";"ACEITES";"PACK";20;10;" $297.419,44 ";" $247.849,54 ";" $198.279,63 "
"AAOSNV31";"Aceite de Oliva ""SAN NICOLÃS"" x Vidrio 1 Lt.";"ACEITES";"UNIDAD";1;1;" $31.069,67 ";" $25.891,39 ";" $20.713,11 "
"AAOSNV32";"Aceite de Oliva ""SAN NICOLAS"" x Vidrio 1 Lt. Pack x 12 u.";"ACEITES";"PACK";12;12;" $356.902,83 ";" $297.419,03 ";" $237.935,22 "
"AGALCC11";"Aceite GIRASOL  ""CAMPO CLARO"" Vidrio x 500 Cc.";"ACEITES";"UNIDAD";1;0,5;" $3.350,58 ";" $2.792,15 ";" $2.233,72 "
"AGALCC12";"Aceite GIRASOL  ""CAMPO CLARO"" Vidrio x 500 Cc. Caja x 10u.";"ACEITES";"PACK";10;5;" $32.165,55 ";" $26.804,63 ";" $21.443,70 "
"AGALCC21";"Aceite GIRASOL  ""CAMPO CLARO"" Vidrio x 1 Lt.";"ACEITES";"UNIDAD";1;1;" $-   ";" $-   ";" $-   "
"AGALCC22";"Aceite GIRASOL  ""CAMPO CLARO"" Vidrio x 1 Lt. Caja x 6 u.";"ACEITES";"PACK";6;6;" $-   ";" $-   ";" $-   "
"ALCC11";"Aceite LINO "" CAMPO CLARO"" x 250 Cc.";"ACEITES";"UNIDAD";1;0,25;" $-   ";" $-   ";" $-   "
"ALCC12";"Aceite LINO "" CAMPO CLARO"" x 250 Cc. Caja x 10";"ACEITES";"CAJA";10;2,5;" $-   ";" $-   ";" $-   "
"CVEAA1";"Veggianito ""ESENIA"" - Albahaca y Ajo";"CONSERVAS";"UNIDAD";1;0,21;" $-   ";" $-   ";" $-   "
"CVEAC1";"Veggianito ""ESENIA"" - Ajo y Cebolla";"CONSERVAS";"UNIDAD";1;0,21;" $1.381,55 ";" $1.151,29 ";" $921,03 "
"CVEAN1";"Veggianito ""ESENIA"" - Algas Nori";"CONSERVAS";"UNIDAD";1;0,21;" $-   ";" $-   ";" $-   "
"CVECU1";"Veggianito ""ESENIA"" - CÃºrcuma";"CONSERVAS";"UNIDAD";1;0,21;" $-   ";" $-   ";" $-   "
"CVEPC1";"Veggianito ""ESENIA"" - Pimienta de Cayena";"CONSERVAS";"UNIDAD";1;0,21;" $-   ";" $-   ";" $-   "
"CVESU5";"Veggianito ""ESENIA""  SURTIDO x 5";"CONSERVAS";"PACK";5;1;" $-   ";" $-   ";" $-   "
"CMCC11";"Miel organica ""CAMPO CLARO"" x 500 gr.";"CONSERVAS";"UNIDAD";1;0,5;" $-   ";" $-   ";" $-   "
"CMCC12";"Miel organica ""CAMPO CLARO"" x 500 gr. Caja x 10 U.";"CONSERVAS";"CAJA";10;5;" $-   ";" $-   ";" $-   "
"CMSN11";"Miel ""SAN NICOLAS"" OrgÃ¡nica x 500 ml.";"CONSERVAS";"UNIDAD";1;0,5;" $6.838,70 ";" $5.698,92 ";" $4.559,13 "
"CMSN12";"Miel ""SAN NICOLAS"" OrgÃ¡nica x 500 ml. CAJA x 12 u.";"CONSERVAS";"CAJA";12;6;" $79.209,99 ";" $66.008,33 ";" $52.806,66 "
"CMSN21";"Miel ""SAN NICOLAS"" OrgÃ¡nica x 1 Kg.";"CONSERVAS";"UNIDAD";1;1;" $-   ";" $-   ";" $-   "
"CMSN22";"Miel ""SAN NICOLAS"" OrgÃ¡nica x 1 Kg. CAJA x 6 u.";"CONSERVAS";"CAJA";6;6;" $-   ";" $-   ";" $-   "
"CSRF1";"Sal Rosada FINA del himalaya x 1 Kg.";"CONSERVAS";"KG";1;1;" $2.437,50 ";" $2.031,25 ";" $1.625,00 "
"CSRF25";"Sal Rosada FINA del himalaya x 25 Kg.";"CONSERVAS";"BOLSÃ“N";25;25;" $58.500,00 ";" $48.750,00 ";" $39.000,00 "
"CSRG1";"Sal Rosada GRUESA del himalaya x 1 Kg.";"CONSERVAS";"KG";1;1;" $2.745,00 ";" $2.287,50 ";" $1.830,00 "
"CSRG25";"Sal Rosada GRUESA del himalaya x 25 Kg.";"CONSERVAS";"BOLSÃ“N";25;25;" $66.375,00 ";" $55.312,50 ";" $44.250,00 "
"CAN11";"Aceitunas NEGRAS OrgÃ¡nicas ""SAN NICOLÃS"" X 250 grs.";"CONSERVAS";"UNIDAD";1;0,25;" $3.373,01 ";" $2.810,84 ";" $2.248,67 "
"CAN12";"Aceitunas NEGRAS OrgÃ¡nicas ""SAN NICOLÃS"" X 250 grs. CAJA x 12u.";"CONSERVAS";"CAJA";12;3;" $38.746,37 ";" $32.288,64 ";" $25.830,92 "
"CAV11";"Aceitunas Verdes OrgÃ¡nicas ""SAN NICOLÃS"" x 250 grs.";"CONSERVAS";"UNIDAD";1;0,25;" $3.165,25 ";" $2.637,71 ";" $2.110,16 "
"CAV12";"Aceitunas Verdes OrgÃ¡nicas ""SAN NICOLÃS"" x 250 grs. CAJA x 12 u.";"CONSERVAS";"CAJA";12;3;" $36.359,77 ";" $30.299,80 ";" $24.239,84 "
"CAV21";"Aceitunas Verdes OrgÃ¡nicas ""SAN NICOLÃS"" x 500 grs.";"CONSERVAS";"UNIDAD";1;0,5;" $5.019,60 ";" $4.183,00 ";" $3.346,40 "
"CAV22";"Aceitunas Verdes OrgÃ¡nicas ""SAN NICOLÃS"" x 500 grs. CAJA x 6 u";"CONSERVAS";"CAJA";6;3;" $28.830,51 ";" $24.025,43 ";" $19.220,34 "
"CAV31";"Aceitunas Verdes OrgÃ¡nicas ""SAN NICOLÃS"" x 1 Kg.";"CONSERVAS";"UNIDAD";1;1;" $7.826,16 ";" $6.521,80 ";" $5.217,44 "
"CAV32";"Aceitunas Verdes OrgÃ¡nicas ""SAN NICOLÃS"" x 1 Kg. CAJA x 2 u.";"CONSERVAS";"CAJA";2;2;" $14.983,42 ";" $12.486,18 ";" $9.988,94 "
"CTTSN21";"Tomate triturado OrgÃ¡nico ""SAN NICOLÃS"" x Bot 1 Lt.";"CONSERVAS";"UNIDAD";1;1;" $5.946,99 ";" $4.955,83 ";" $3.964,66 "
"CTTSN22";"Tomate triturado OrgÃ¡nico ""SAN NICOLÃS"" x Pack 10";"CONSERVAS";"PACK";10;10;" $56.928,48 ";" $47.440,40 ";" $37.952,32 "
"CCF1";"CafÃ© de Brasil - Molido Fino x 250 Gr";"CAFÃ‰";"UNIDAD";1;0,25;" $7.440,12 ";" $6.200,10 ";" $4.960,08 "
"CCF2";"CafÃ© de Brasil - Molido Medio x 250 Gr";"CAFÃ‰";"UNIDAD";1;0,25;" $7.440,12 ";" $6.200,10 ";" $4.960,08 "
"CCG1";"CafÃ© de Brasil - Molido Grueso x 250 Gr";"CAFÃ‰";"UNIDAD";1;0,25;" $7.440,12 ";" $6.200,10 ";" $4.960,08 "
"CCG2";"CafÃ© de Brasil - Grano x 250 Gr";"CAFÃ‰";"UNIDAD";1;0,25;" $7.440,12 ";" $6.200,10 ";" $4.960,08 "
"YYTO1";"Yerba Taihang orgÃ¡nica x u. 500 Gr";"YERBAS";"UNIDAD";1;0,5;" $3.691,71 ";" $3.076,43 ";" $2.461,14 "
"YYTO2";"Yerba Taihang orgÃ¡nica x Pack 10 u. 500 Gr.";"YERBAS";"PACK";10;5;" $35.352,86 ";" $29.460,71 ";" $23.568,57 "
"YYA1";"Yerba Ajedrez x u. 500 Gr.";"YERBAS";"UNIDAD";1;0,5;" $2.292,57 ";" $1.910,48 ";" $1.528,38 "
"YYA2";"Yerba Ajedrez x Pack 10 u. 500 Gr.";"YERBAS";"PACK";10;5;" $21.954,29 ";" $18.295,24 ";" $14.636,19 "
"YYIO1";"Yerba IVU orgÃ¡nica x u. 500 Gr.";"YERBAS";"UNIDAD";1;0,5;" $4.612,50 ";" $3.843,75 ";" $3.075,00 "
"YYIO2";"Yerba IVU orgÃ¡nica x Pack 10 u. 500 Gr.";"YERBAS";"PACK";10;5;" $44.250,00 ";" $36.875,00 ";" $29.500,00 "
"YYLO1";"Yerba Legado orgÃ¡nica x u. 500 Gr.";"YERBAS";"UNIDAD";1;0,5;" $-   ";" $-   ";" $-   "
"YYLO2";"Yerba Legado orgÃ¡nica x Pack 12 u. 500 Gr.";"YERBAS";"PACK";12;6;" $-   ";" $-   ";" $-   "
"CALC1";"Almendras con chocolate ""COLONIAL"" x 1 Kg.";"CHOCOLATES";"UNIDAD";1;1;" $31.395,00 ";" $26.162,50 ";" $20.930,00 "
"CALC2";"Almendras con chocolate ""COLONIAL"" CAJA X 10";"CHOCOLATES";"CAJA";10;10;" $303.030,00 ";" $252.525,00 ";" $202.020,00 "
"CAVC1";"Avellana con Chocolate ""COLONIAL"" x 1 Kg.";"CHOCOLATES";"UNIDAD";1;1;" $-   ";" $-   ";" $-   "
"CAVC2";"Avellana con Chocolate ""COLONIAL"" CAJA x 10 u.";"CHOCOLATES";"CAJA";10;10;" $-   ";" $-   ";" $-   "
"CMC1";"Mani con chocolate ""COLONIAL"" x 1 Kg.";"CHOCOLATES";"UNIDAD";1;1;" $20.958,75 ";" $17.465,63 ";" $13.972,50 "
"CMC2";"Mani con chocolate ""COLONIAL"" CAJA x 10 u.";"CHOCOLATES";"CAJA";10;10;" $202.297,50 ";" $168.581,25 ";" $134.865,00 "
"CPC1";"Pasas con chocolate ""COLONIAL"" x 1 Kg.";"CHOCOLATES";"UNIDAD";1;1;" $19.837,50 ";" $16.531,25 ";" $13.225,00 "
"CPC2";"Pasas con chocolate ""COLONIAL"" CAJA x 10 u.";"CHOCOLATES";"CAJA";10;10;" $191.475,00 ";" $159.562,50 ";" $127.650,00 "
"CCTC1";"Chocolate p/ Taza ""COLONIAL"" x 1 Kg.";"CHOCOLATES";"KG";1;1;" $25.875,00 ";" $21.562,50 ";" $17.250,00 "
"CCTC6";"Chocolate p/ Taza ""COLONIAL"" CAJA X 6u.";"CHOCOLATES";"CAJA";6;6;" $149.850,00 ";" $124.875,00 ";" $99.900,00 "
"CCSAC1";"Chocolate s/ azucar ""COLONIAL"" x 1 Kg.";"CHOCOLATES";"KG";1;1;" $31.222,50 ";" $26.018,75 ";" $20.815,00 "
"CCSAC6";"Chocolate s/ azucar ""COLONIAL"" CAJA X 6u.";"CHOCOLATES";"CAJA";6;6;" $180.819,00 ";" $150.682,50 ";" $120.546,00 "
"CCCS1";"Chocolate c/ stevia ""COLONIAL"" x 1 Kg.";"CHOCOLATES";"KG";1;1;" $33.206,25 ";" $27.671,88 ";" $22.137,50 "
"CCCS6";"Chocolate c/ stevia ""COLONIAL"" CAJA X 6u.";"CHOCOLATES";"CAJA";6;6;" $192.307,50 ";" $160.256,25 ";" $128.205,00 "
"CC70O11";"Chocolate 70% Organico x 1 kg";"CHOCOLATES";"KG";1;1;" $42.245,25 ";" $35.204,38 ";" $28.163,50 "
"CC70O16";"Chocolate 70% Organico CAJA X 6u.";"CHOCOLATES";"CAJA";6;6;" $244.655,10 ";" $203.879,25 ";" $163.103,40 "
"CC80O1";"Chocolate 80% Organico x 1 kg";"CHOCOLATES";"KG";1;1;" $45.522,75 ";" $37.935,63 ";" $30.348,50 "
"CC80O6";"Chocolate 80% Organico CAJA X 6u.";"CHOCOLATES";"CAJA";6;6;" $263.636,10 ";" $219.696,75 ";" $175.757,40 "
"CC70O21";"Chocolatinas %70 Organico 50u*16gr";"CHOCOLATES";"KG";50;0,8;" $28.790,25 ";" $23.991,88 ";" $19.193,50 "
"CC70P26";"Chocolatinas %70 Organico CAJA X 6u.";"CHOCOLATES";"CAJA";6;4,8;" $166.733,10 ";" $138.944,25 ";" $111.155,40 "
"CA1001001";"Almendras con chocolate ""ARGENFRUT"" x 1 Kg.";"CHOCOLATES";"KG";1;1;" $22.249,52 ";" $18.541,26 ";" $14.833,01 "
"CA1001006";"Almendras con chocolate ""ARGENFRUT"" CAJA X 6u.";"CHOCOLATES";"CAJA";6;6;" $127.792,09 ";" $106.493,41 ";" $85.194,73 "
"CA1011001";"Avellana con Chocolate ""ARGENFRUT"" x 1 Kg.";"CHOCOLATES";"KG";1;1;" $22.400,61 ";" $18.667,17 ";" $14.933,74 "
"CA1011006";"Avellana con Chocolate ""ARGENFRUT"" CAJA X 5u.";"CHOCOLATES";"CAJA";5;5;" $107.216,58 ";" $89.347,15 ";" $71.477,72 "
"CA1111001";"Mani con chocolate ""ARGENFRUT"" x 1 Kg.";"CHOCOLATES";"KG";1;1;" $10.828,13 ";" $9.023,44 ";" $7.218,75 "
"CA1111006";"Mani con chocolate ""ARGENFRUT"" CAJA X 6u.";"CHOCOLATES";"CAJA";6;6;" $62.192,34 ";" $51.826,95 ";" $41.461,56 "
"CA1021001";"Pasas con chocolate ""ARGENFRUT"" x 1 Kg.";"CHOCOLATES";"KG";1;1;" $14.077,03 ";" $11.730,86 ";" $9.384,69 "
"CA1021006";"Pasas con chocolate ""ARGENFRUT"" CAJA X 6u.";"CHOCOLATES";"CAJA";6;6;" $80.852,71 ";" $67.377,26 ";" $53.901,81 "
"CA1032001";"Cramberry con chocolate ""ARGENFRUT"" x 1 Kg.";"CHOCOLATES";"KG";1;1;" $18.327,49 ";" $15.272,91 ";" $12.218,33 "
"CA1032006";"Cramberry con chocolate ""ARGENFRUT"" CAJA X 6u.";"CHOCOLATES";"CAJA";6;6;" $105.265,58 ";" $87.721,32 ";" $70.177,05 "
"CA1081001";"Bananita de cereal - Chocolate con leche ""ARGENFRUT"" x 600g ";"CHOCOLATES";"UNIDAD";1;0,6;" $10.741,98 ";" $8.951,65 ";" $7.161,32 "
"CA1081006";"Bananita de cereal - Chocolate con leche ""ARGENFRUT"" x 600g  Caja x 9U.";"CHOCOLATES";"CAJA";9;5,4;" $92.546,27 ";" $77.121,89 ";" $61.697,51 "
"CA1141001";"Botones de chocolate ""ARGENFRUT""x1kg";"CHOCOLATES";"UNIDAD";1;1;" $-   ";" $-   ";" $-   "
"CA1141006";"Botones de chocolate ""ARGENFRUT"" Caja x6";"CHOCOLATES";"CAJA";6;6;" $-   ";" $-   ";" $-   "
"CA1061001";"Cereal con chocolate ""ARGENFRUT"" x 700 Grs.";"CHOCOLATES";"UNIDAD";1;0,7;" $10.689,29 ";" $8.907,74 ";" $7.126,19 "
"CA1061006";"Cereal con chocolate ""ARGENFRUT"" CAJA X 9u.";"CHOCOLATES";"CAJA";9;6,3;" $92.092,37 ";" $76.743,64 ";" $61.394,91 "
"CA1171001";"Lentejas de chocolate ""ARGENFRUT"" x 1 Kg.";"CHOCOLATES";"KG";1;1;" $14.299,01 ";" $11.915,84 ";" $9.532,67 "
"CA1171007";"Lentejas de chocolate ""ARGENFRUT"" CAJA x 10 Kg.";"CHOCOLATES";"CAJA";10;10;" $136.879,40 ";" $114.066,17 ";" $91.252,93 "
"CA1071001";"Merenguitos con chocolate ""ARGENFRUT"" x 700 gr. U.";"CHOCOLATES";"KG";1;0,7;" $-   ";" $-   ";" $-   "
"CA1071009";"Merenguitos con chocolate ""ARGENFRUT"" x 700 gr. CAJA";"CHOCOLATES";"CAJA";9;6,3;" $-   ";" $-   ";" $-   "
"CWGM5";"GarrapiÃ±ada de mani sin marca x 5kg";"CHOCOLATES";"BOLSA";5;5;" $18.000,00 ";" $15.000,00 ";" $12.000,00 "
"CA1115001";"GarrapiÃ±ada de mani x 1 kg ""ARGENFRUT""";"CHOCOLATES";"KG";1;1;" $7.328,41 ";" $6.107,01 ";" $4.885,61 "
"CAA1115005";"GarrapiÃ±ada de mani x 1 kg ""ARGENFRUT""CAJA X 5U";"CHOCOLATES";"CAJA";5;5;" $35.076,17 ";" $29.230,14 ";" $23.384,11 "
"CA1006001";"GarrapiÃ±ada de almendra x 1 kg ""ARGENFRUT""";"CHOCOLATES";"KG";1;1;" $14.409,24 ";" $12.007,70 ";" $9.606,16 "
"CA1006005";"GarrapiÃ±ada de almendra x 1 kg ""ARGENFRUT"" CAJA x 5";"CHOCOLATES";"CAJA";5;5;" $68.967,31 ";" $57.472,76 ";" $45.978,21 "
"CA99551";"Chocolate AGUILA al 60% x 1 Kg.";"CHOCOLATES";"KG";1;1;" $18.300,50 ";" $15.250,42 ";" $12.200,33 "
"CA99555";"Chocolate AGUILA  al 60% x Caja de 5 Kg.";"CHOCOLATES";"CAJA";5;5;" $87.592,13 ";" $72.993,44 ";" $58.394,75 "
"CA99851";"Chocolate AGUILA x 1 Kg.";"CHOCOLATES";"KG";1;1;" $14.731,11 ";" $12.275,92 ";" $9.820,74 "
"CA99855";"Chocolate AGUILA x Caja de 5 Kg.";"CHOCOLATES";"CAJA";5;5;" $70.507,87 ";" $58.756,56 ";" $47.005,25 "
"CA99791";"Chocolate Aguila Blanco x 1 Kg.";"CHOCOLATES";"KG";1;1;" $16.061,70 ";" $13.384,75 ";" $10.707,80 "
"CA99795";"Chocolate Aguila Blanco x Caja de 5 Kg.";"CHOCOLATES";"CAJA";5;5;" $76.876,53 ";" $64.063,78 ";" $51.251,02 "
"CA96411";"Chips chocolate  x 1 kg";"CHOCOLATES";"KG";1;1;" $8.982,21 ";" $7.485,18 ";" $5.988,14 "
"CA964110";"Chips chocolate  - Caja x 10 kg";"CHOCOLATES";"CAJA";10;10;" $85.983,58 ";" $71.652,98 ";" $57.322,39 "
"CA93231";"Chips chocolate Blanco x 1 Kg.";"CHOCOLATES";"KG";1;1;" $9.100,20 ";" $7.583,50 ";" $6.066,80 "
"CA93235";"Chips chocolate Blanco x 5 Kg.";"CHOCOLATES";"CAJA";5;5;" $43.556,50 ";" $36.297,08 ";" $29.037,67 "
"CCABC1";"Cacao amargo ""BARRY CALLEBAUT"" x 1 Kg.";"CHOCOLATES";"KG";1;1;" $24.347,59 ";" $20.289,66 ";" $16.231,73 "
"CCABC25";"Cacao amargo ""BARRY CALLEBAUT"" x 25 Kg.";"CHOCOLATES";"BOLSÃ“N";25;25;" $561.867,52 ";" $468.222,93 ";" $374.578,34 "
"DBHN";"Bocaditos de higo y nuez - Caja x 40 U.";"DULCES";"CAJA";40;1;" $10.962,00 ";" $9.135,00 ";" $7.308,00 "
"DNTG";"Naranja en tiras glaseada Caja x 2 Kg.";"DULCES";"CAJA";2;2;" $-   ";" $-   ";" $-   "
"DBNR";"BombÃ³n de Nuez relleno - BOLSA x 30 U.";"DULCES";"CAJA";30;1;" $7.650,00 ";" $6.375,00 ";" $5.100,00 "
"MMAR1";"Mermelada ArÃ¡ndano x 212 Grs.";"MERMELADAS   MASSEUBE";"UNIDAD";1;0,21;" $-   ";" $-   ";" $-   "
"MMAR15";"Mermelada ArÃ¡ndano x 212 Grs. CAJA x 15u.";"MERMELADAS   MASSEUBE";"CAJA";15;3,18;" $-   ";" $-   ";" $-   "
"MMCAL1";"Mermelada Calafate x 212 Grs.";"MERMELADAS   MASSEUBE";"UNIDAD";1;0,21;" $-   ";" $-   ";" $-   "
"MMCAL15";"Mermelada Calafate x 212 Grs. CAJA x 15u.";"MERMELADAS   MASSEUBE";"CAJA";15;3,18;" $-   ";" $-   ";" $-   "
"MMCAS1";"Mermelada Cassis OrgÃ¡nico x 212 Grs.";"MERMELADAS   MASSEUBE";"UNIDAD";1;0,21;" $-   ";" $-   ";" $-   "
"MMCAS15";"Mermelada Cassis OrgÃ¡nico x 212 Grs. CAJA x 15u.";"MERMELADAS   MASSEUBE";"CAJA";15;3,18;" $-   ";" $-   ";" $-   "
"MMCER1";"Mermelada Cereza Negra x 212 Grs.";"MERMELADAS   MASSEUBE";"UNIDAD";1;0,21;" $-   ";" $-   ";" $-   "
"MMCER15";"Mermelada Cereza Negra x 212 Grs. CAJA x 15u.";"MERMELADAS   MASSEUBE";"CAJA";15;3,18;" $-   ";" $-   ";" $-   "
"MMFRA1";"Mermelada Frambuesa OrgÃ¡nica x 212 Grs.";"MERMELADAS   MASSEUBE";"UNIDAD";1;0,21;" $-   ";" $-   ";" $-   "
"MMFRA15";"Mermelada Frambuesa OrgÃ¡nica x 212 Grs. CAJA x 15u.";"MERMELADAS   MASSEUBE";"CAJA";15;3,18;" $-   ";" $-   ";" $-   "
"MMFRU1";"Mermelada Frutilla OrgÃ¡nica x 212 Grs.";"MERMELADAS   MASSEUBE";"UNIDAD";1;0,21;" $-   ";" $-   ";" $-   "
"MMFRU15";"Mermelada Frutilla OrgÃ¡nica x 212 Grs. CAJA x 15u.";"MERMELADAS   MASSEUBE";"CAJA";15;3,18;" $-   ";" $-   ";" $-   "
"MMFDB1";"Mermelada Frutos del Bosque OrgÃ¡nica x 212 Grs.";"MERMELADAS   MASSEUBE";"UNIDAD";1;0,21;" $-   ";" $-   ";" $-   "
"MMFDB15";"Mermelada Frutos del Bosque OrgÃ¡nica x 212 Grs. CAJA x 15u.";"MERMELADAS   MASSEUBE";"CAJA";15;3,18;" $-   ";" $-   ";" $-   "
"MMRM1";"Mermelada Mosqueta OrgÃ¡nica x 212 Grs.";"MERMELADAS   MASSEUBE";"UNIDAD";1;0,21;" $-   ";" $-   ";" $-   "
"MMRM15";"Mermelada Mosqueta OrgÃ¡nica x 212 Grs. CAJA x 15u.";"MERMELADAS   MASSEUBE";"CAJA";15;3,18;" $-   ";" $-   ";" $-   "
"MMSA1";"Mermelada Sauco x 212 Grs.";"MERMELADAS   MASSEUBE";"UNIDAD";1;0,21;" $-   ";" $-   ";" $-   "
"MMSA15";"Mermelada Sauco x 212 Grs. CAJA x 15u.";"MERMELADAS   MASSEUBE";"CAJA";15;3,18;" $-   ";" $-   ";" $-   "
"MLADAR1";"Mermelada LIGHT APTO DIABÃ‰TICO ArÃ¡ndano x 260 Grs.";"MERMELADAS   MASSEUBE";"UNIDAD";1;0,26;" $5.081,30 ";" $4.234,42 ";" $3.387,53 "
"MLADAR12";"Mermelada LIGHT APTO DIABÃ‰TICO ArÃ¡ndano x 260 Grs. CAJA x 12 u.";"MERMELADAS   MASSEUBE";"CAJA";12;3,12;" $57.875,13 ";" $48.229,27 ";" $38.583,42 "
"MLADFRA1";"Mermelada LIGHT APTO DIABÃ‰TICO Frambuesa x 260 Grs.";"MERMELADAS   MASSEUBE";"UNIDAD";1;0,26;" $7.129,07 ";" $5.940,89 ";" $4.752,72 "
"MLADFRA12";"Mermelada LIGHT APTO DIABÃ‰TICO Frambuesa x 260 Grs. CAJA x 12 u.";"MERMELADAS   MASSEUBE";"CAJA";12;3,12;" $81.198,94 ";" $67.665,78 ";" $54.132,62 "
"MLADFRU1";"Mermelada LIGHT APTO DIABÃ‰TICO Frutilla x 260 Grs.";"MERMELADAS   MASSEUBE";"UNIDAD";1;0,26;" $5.081,30 ";" $4.234,42 ";" $3.387,53 "
"MLADFRU12";"Mermelada LIGHT APTO DIABÃ‰TICO Frutilla x 260 Grs. CAJA x 12 u.";"MERMELADAS   MASSEUBE";"CAJA";12;3,12;" $57.875,13 ";" $48.229,27 ";" $38.583,42 "
"MLADFDB1";"Mermelada LIGHT APTO DIABÃ‰TICO Frutos del bosque x 260 Grs.";"MERMELADAS   MASSEUBE";"UNIDAD";1;0,26;" $6.573,12 ";" $5.477,60 ";" $4.382,08 "
"MLADFDB12";"Mermelada LIGHT APTO DIABÃ‰TICO Frutos del bosque x 260 Grs. CAJA x 12 u.";"MERMELADAS   MASSEUBE";"CAJA";12;3,12;" $74.866,76 ";" $62.388,96 ";" $49.911,17 "
"MLADRM1";"Mermelada LIGHT APTO DIABÃ‰TICO Mosqueta x 260 Grs.";"MERMELADAS   MASSEUBE";"UNIDAD";1;0,26;" $5.081,30 ";" $4.234,42 ";" $3.387,53 "
"MLADRM12";"Mermelada LIGHT APTO DIABÃ‰TICO Mosqueta x 260 Grs. CAJA x 12 u.";"MERMELADAS   MASSEUBE";"CAJA";12;3,12;" $57.875,13 ";" $48.229,27 ";" $38.583,42 "
"MLADZAR1";"Mermelada LIGHT APTO DIABÃ‰TICO Zarzamora x 260 Grs.";"MERMELADAS   MASSEUBE";"UNIDAD";1;0,26;" $7.129,07 ";" $5.940,89 ";" $4.752,72 "
"MLADZAR2";"Mermelada LIGHT APTO DIABÃ‰TICO Zarzamora x 260 Grs. CAJA x 12 u.";"MERMELADAS   MASSEUBE";"CAJA";12;3,12;" $81.198,94 ";" $67.665,78 ";" $54.132,62 "
"M35AR1";"Mermelada ArÃ¡ndano x 350 Grs.";"MERMELADAS   MASSEUBE";"UNIDAD";1;0,35;" $4.261,31 ";" $3.551,09 ";" $2.840,87 "
"M35AR12";"Mermelada ArÃ¡ndano x 350 Grs. CAJA x 12 u.";"MERMELADAS   MASSEUBE";"CAJA";12;4,2;" $48.535,58 ";" $40.446,32 ";" $32.357,05 "
"M35CAL1";"Mermelada Calafate x 350 Grs.";"MERMELADAS   MASSEUBE";"UNIDAD";1;0,35;" $-   ";" $-   ";" $-   "
"M35CAL12";"Mermelada Calafate x 350 Grs. CAJA x 12 u.";"MERMELADAS   MASSEUBE";"CAJA";12;4,2;" $-   ";" $-   ";" $-   "
"M35CAS1";"Mermelada Cassis OrgÃ¡nico x 350 Grs.";"MERMELADAS   MASSEUBE";"UNIDAD";1;0,35;" $5.392,28 ";" $4.493,57 ";" $3.594,85 "
"M35CAS12";"Mermelada Cassis OrgÃ¡nico x 350 Grs. CAJA x 12 u.";"MERMELADAS   MASSEUBE";"CAJA";12;4,2;" $61.417,14 ";" $51.180,95 ";" $40.944,76 "
"M35CER1";"Mermelada Cereza Negra x 350 Grs.";"MERMELADAS   MASSEUBE";"UNIDAD";1;0,35;" $4.261,31 ";" $3.551,09 ";" $2.840,87 "
"M35CER12";"Mermelada Cereza Negra x 350 Grs. CAJA x 12 u.";"MERMELADAS   MASSEUBE";"CAJA";12;4,2;" $48.535,58 ";" $40.446,32 ";" $32.357,05 "
"M35FRA1";"Mermelada Frambuesa OrgÃ¡nica x 350 Grs.";"MERMELADAS   MASSEUBE";"UNIDAD";1;0,35;" $6.480,71 ";" $5.400,59 ";" $4.320,47 "
"M35FRA12";"Mermelada Frambuesa OrgÃ¡nica x 350 Grs. CAJA x 12 u.";"MERMELADAS   MASSEUBE";"CAJA";12;4,2;" $73.814,18 ";" $61.511,81 ";" $49.209,45 "
"M35FRU1";"Mermelada Frutilla OrgÃ¡nica x 350 Grs.";"MERMELADAS   MASSEUBE";"UNIDAD";1;0,35;" $-   ";" $-   ";" $-   "
"M35FRU12";"Mermelada Frutilla OrgÃ¡nica x 350 Grs. CAJA x 12 u.";"MERMELADAS   MASSEUBE";"CAJA";12;4,2;" $-   ";" $-   ";" $-   "
"M35FDB1";"Mermelada Frutos del bosque OrgÃ¡nica x 350 Grs.";"MERMELADAS   MASSEUBE";"UNIDAD";1;0,35;" $5.392,28 ";" $4.493,57 ";" $3.594,85 "
"M35FDB12";"Mermelada Frutos del bosque OrgÃ¡nica x 350 Grs. CAJA x 12 u.";"MERMELADAS   MASSEUBE";"CAJA";12;4,2;" $61.417,14 ";" $51.180,95 ";" $40.944,76 "
"M35GUI1";"Mermelada Guinda x 350 Grs.";"MERMELADAS   MASSEUBE";"UNIDAD";1;0,35;" $-   ";" $-   ";" $-   "
"M35GUI12";"Mermelada Guinda x 350 Grs. CAJA x 12 u.";"MERMELADAS   MASSEUBE";"CAJA";12;4,2;" $-   ";" $-   ";" $-   "
"M35RM1";"Mermelada Mosqueta OrgÃ¡nica x 350 Grs.";"MERMELADAS   MASSEUBE";"UNIDAD";1;0,35;" $4.261,31 ";" $3.551,09 ";" $2.840,87 "
"M35RM12";"Mermelada Mosqueta OrgÃ¡nica x 350 Grs. CAJA x 12 u.";"MERMELADAS   MASSEUBE";"CAJA";12;4,2;" $48.535,58 ";" $40.446,32 ";" $32.357,05 "
"M35SAU1";"Mermelada Sauco x 350 Grs.";"MERMELADAS   MASSEUBE";"UNIDAD";1;0,35;" $5.392,28 ";" $4.493,57 ";" $3.594,85 "
"M35SAU12";"Mermelada Sauco x 350 Grs. CAJA x 12 u.";"MERMELADAS   MASSEUBE";"CAJA";12;4,2;" $61.417,14 ";" $51.180,95 ";" $40.944,76 "
"M35ZAR1";"Mermelada Zarzamora OrgÃ¡nica x 350 Grs.";"MERMELADAS   MASSEUBE";"UNIDAD";1;0,35;" $6.480,71 ";" $5.400,59 ";" $4.320,47 "
"M35ZAR12";"Mermelada Zarzamora OrgÃ¡nica x 350 Grs. CAJA x 12 u.";"MERMELADAS   MASSEUBE";"CAJA";12;4,2;" $73.814,18 ";" $61.511,81 ";" $49.209,45 "
"MARN1";"Arandanos al natural x 380 Grs.";"MERMELADAS   MASSEUBE";"UNIDAD";1;0,38;" $6.365,12 ";" $5.304,27 ";" $4.243,41 "
"MARN12";"Arandanos al natural x 380 Grs. CAJA x 12 u.";"MERMELADAS   MASSEUBE";"CAJA";12;4,56;" $72.497,62 ";" $60.414,68 ";" $48.331,75 "
"MCNN1";"Cerezas negras al natural x 380 Grs.";"MERMELADAS   MASSEUBE";"UNIDAD";1;0,38;" $6.365,12 ";" $5.304,27 ";" $4.243,41 "
"MCNN12";"Cerezas negras al natural x 380 Grs. CAJA x 12 u.";"MERMELADAS   MASSEUBE";"CAJA";12;4,56;" $72.497,62 ";" $60.414,68 ";" $48.331,75 "
"MFDBN1";"Frutos del bosque al natural x 380 Grs.";"MERMELADAS   MASSEUBE";"UNIDAD";1;0,38;" $7.715,44 ";" $6.429,53 ";" $5.143,62 "
"MFDBN12";"Frutos del bosque al natural x 380 Grs. CAJA x 12 u.";"MERMELADAS   MASSEUBE";"CAJA";12;4,56;" $87.877,52 ";" $73.231,27 ";" $58.585,01 "
"MFRAN1";"Frambuesas al natural x 380 Grs.";"MERMELADAS   MASSEUBE";"UNIDAD";1;0,38;" $9.804,28 ";" $8.170,24 ";" $6.536,19 "
"MFRAN12";"Frambuesas al natural x 380 Grs. CAJA x 12 u.";"MERMELADAS   MASSEUBE";"CAJA";12;4,56;" $111.669,14 ";" $93.057,62 ";" $74.446,10 "
"SMPS1";"Sahumerio Palo Santo";"SAGRADA MADRE";"UNIDAD";8;0,08;" $1.304,98 ";" $1.087,48 ";" $869,99 "
"SMPS2";"Sahumerio palo santo c/Incienso";"SAGRADA MADRE";"UNIDAD";8;0,08;" $1.304,98 ";" $1.087,48 ";" $869,99 "
"SMPS3";"Sahumerio palo santo c/Copal";"SAGRADA MADRE";"UNIDAD";8;0,08;" $1.304,98 ";" $1.087,48 ";" $869,99 "
"SMPS4";"Sahumerio palo santo c/Mirra";"SAGRADA MADRE";"UNIDAD";8;0,08;" $1.304,98 ";" $1.087,48 ";" $869,99 "
"SMPS5";"Sahumerio palo santo C/Sandalo";"SAGRADA MADRE";"UNIDAD";8;0,08;" $1.304,98 ";" $1.087,48 ";" $869,99 "
"SMPS6";"Sahumerio palo santo c/Champa";"SAGRADA MADRE";"UNIDAD";8;0,08;" $1.304,98 ";" $1.087,48 ";" $869,99 "
"SMPS7";"Sahumerio palo santo c/Romero";"SAGRADA MADRE";"UNIDAD";8;0,08;" $1.304,98 ";" $1.087,48 ";" $869,99 "
"SMPS8";"Sahumerio palo santo c/Jazmin";"SAGRADA MADRE";"UNIDAD";8;0,08;" $1.304,98 ";" $1.087,48 ";" $869,99 "
"SMPS9";"Sahumerio palo santo c/Vainilla";"SAGRADA MADRE";"UNIDAD";8;0,08;" $1.304,98 ";" $1.087,48 ";" $869,99 "
"SMPS10";"Sahumerio palo santo c/Yagra";"SAGRADA MADRE";"UNIDAD";8;0,08;" $1.304,98 ";" $1.087,48 ";" $869,99 "
"SMPS11";"Sahumerio palo santo c/Rosa";"SAGRADA MADRE";"UNIDAD";8;0,08;" $1.304,98 ";" $1.087,48 ";" $869,99 "
"SMPS12";"Sahumerio palo santo c/Lavanda";"SAGRADA MADRE";"UNIDAD";8;0,08;" $1.304,98 ";" $1.087,48 ";" $869,99 "
"SMPS13";"Sahumerio palo santo c/ruda";"SAGRADA MADRE";"UNIDAD";8;0,08;" $1.304,98 ";" $1.087,48 ";" $869,99 "
"SMPS14";"Sahumerio palo santo c/pachuli";"SAGRADA MADRE";"UNIDAD";8;0,08;" $1.304,98 ";" $1.087,48 ";" $869,99 "
"SMPS15";"Sahumerio palo santo c/violetas";"SAGRADA MADRE";"UNIDAD";8;0,08;" $1.304,98 ";" $1.087,48 ";" $869,99 "
"SMPS16";"Sahumerio palo santo c/fresias";"SAGRADA MADRE";"UNIDAD";8;0,08;" $1.304,98 ";" $1.087,48 ";" $869,99 "
"SMN1";"Sahumerio natural c/Incienso";"SAGRADA MADRE";"UNIDAD";8;0,08;" $1.547,93 ";" $1.289,94 ";" $1.031,95 "
"SMN2";"Sahumerio natural c/Mirra";"SAGRADA MADRE";"UNIDAD";8;0,08;" $1.547,93 ";" $1.289,94 ";" $1.031,95 "
"SMN3";"Sahumerio natural c/Copal";"SAGRADA MADRE";"UNIDAD";8;0,08;" $1.547,93 ";" $1.289,94 ";" $1.031,95 "
"SMN4";"Sahumerio natural c/Yagra";"SAGRADA MADRE";"UNIDAD";8;0,08;" $1.547,93 ";" $1.289,94 ";" $1.031,95 "
"SMN5";"Sahumerio natural c/Ruda, Romero e Incienso";"SAGRADA MADRE";"UNIDAD";8;0,08;" $1.547,93 ";" $1.289,94 ";" $1.031,95 "
"SMN6";"Sahumerio natural c/ Citronella, Naranja y Palo santo";"SAGRADA MADRE";"UNIDAD";8;0,08;" $1.547,93 ";" $1.289,94 ";" $1.031,95 "
"SMN7";"Sahumerio natural c/Sandalo y OlÃ­bano";"SAGRADA MADRE";"UNIDAD";8;0,08;" $1.547,93 ";" $1.289,94 ";" $1.031,95 "
"SMH1";"Sahumerio hierbas Lavanda y OlÃ­bano";"SAGRADA MADRE";"UNIDAD";9;0,09;" $1.847,38 ";" $1.539,48 ";" $1.231,59 "
"SMH2";"Sahumerio hierbas Incienso blanco";"SAGRADA MADRE";"UNIDAD";9;0,09;" $1.847,38 ";" $1.539,48 ";" $1.231,59 "
"SMH3";"Sahumerio hierbas Salvia blanca";"SAGRADA MADRE";"UNIDAD";9;0,09;" $1.847,38 ";" $1.539,48 ";" $1.231,59 "
"SMH4";"Sahumerio hierbas Rosas y OlÃ­bano";"SAGRADA MADRE";"UNIDAD";9;0,09;" $1.847,38 ";" $1.539,48 ";" $1.231,59 "
"SMH5";"Sahumerio hierbas Canela, Anis y OlÃ­bano";"SAGRADA MADRE";"UNIDAD";9;0,09;" $1.847,38 ";" $1.539,48 ";" $1.231,59 "
"SMH6";"Sahumerio hierbas Calendula, Manzanilla e Incienso";"SAGRADA MADRE";"UNIDAD";9;0,09;" $1.847,38 ";" $1.539,48 ";" $1.231,59 "
"SMH7";"Sahumerio hierbas Eucalipto, Laurel y Cedro";"SAGRADA MADRE";"UNIDAD";9;0,09;" $1.847,38 ";" $1.539,48 ";" $1.231,59 "
"SMT1";"Sahumerio triple 7 Chakras";"SAGRADA MADRE";"UNIDAD";7;0,07;" $1.794,34 ";" $1.495,28 ";" $1.196,23 "
"SMT2";"Sahumerio triple combinado";"SAGRADA MADRE";"UNIDAD";8;0,08;" $2.595,43 ";" $2.162,86 ";" $1.730,28 "
"SMBAX41";"Bomba activada 7 Poderes";"SAGRADA MADRE";"BOLSA";4;0,08;" $474,19 ";" $395,16 ";" $316,13 "
"SMBAX42";"Bomba activada Atrae dinero";"SAGRADA MADRE";"BOLSA";4;0,08;" $474,19 ";" $395,16 ";" $316,13 "
"SMBAX43";"Bomba activada Abre caminos";"SAGRADA MADRE";"BOLSA";4;0,08;" $474,19 ";" $395,16 ";" $316,13 "
"SMBAX44";"Bomba activada Palo santo";"SAGRADA MADRE";"BOLSA";4;0,08;" $474,19 ";" $395,16 ";" $316,13 "
"SMBAX45";"Bomba activada Destrabe";"SAGRADA MADRE";"BOLSA";4;0,08;" $474,19 ";" $395,16 ";" $316,13 "
"SMBAX46";"Bomba activada Limpieza energetica";"SAGRADA MADRE";"BOLSA";4;0,08;" $474,19 ";" $395,16 ";" $316,13 "
"SMBAX47";"Bomba activada Defumacion completa";"SAGRADA MADRE";"BOLSA";4;0,08;" $474,19 ";" $395,16 ";" $316,13 "
"SMBAX48";"Bomba activada 7 Hierbas copal";"SAGRADA MADRE";"BOLSA";4;0,08;" $474,19 ";" $395,16 ";" $316,13 "
"SMBAX81";"Bomba activada 7 Elementos puros.";"SAGRADA MADRE";"UNIDAD";8;0,16;" $1.141,85 ";" $951,54 ";" $761,23 "
"SMBAX82";"Bomba activada Yagra y Canela.";"SAGRADA MADRE";"UNIDAD";8;0,16;" $1.141,85 ";" $951,54 ";" $761,23 "
"SMBAX83";"Bomba activada Incienso y Mirra.";"SAGRADA MADRE";"UNIDAD";8;0,16;" $1.141,85 ";" $951,54 ";" $761,23 "
"SMBAX84";"Bomba activada Palo santo.";"SAGRADA MADRE";"UNIDAD";8;0,16;" $1.141,85 ";" $951,54 ";" $761,23 "
"SMBAX85";"Bomba activada Benjui y almizcle.";"SAGRADA MADRE";"UNIDAD";8;0,16;" $1.141,85 ";" $951,54 ";" $761,23 "
"SMBAX86";"Bomba activada Limpieza energetica.";"SAGRADA MADRE";"UNIDAD";8;0,16;" $1.141,85 ";" $951,54 ";" $761,23 "
"SMBAX87";"Bomba activada Estoraque y Alcanfor.";"SAGRADA MADRE";"UNIDAD";8;0,16;" $1.141,85 ";" $951,54 ";" $761,23 "
"SMBAX88";"Bomba activada 7 Hierbas copal.";"SAGRADA MADRE";"UNIDAD";8;0,16;" $1.141,85 ";" $951,54 ";" $761,23 "
"SMBA7C";"Bomba activada 7 chakras";"SAGRADA MADRE";"UNIDAD";7;0,14;" $1.080,68 ";" $900,57 ";" $720,45 "
"SMBAH1";"Bomba Herbal Armonia";"SAGRADA MADRE";"UNIDAD";4;0,08;" $672,88 ";" $560,73 ";" $448,58 "
"SMBAH2";"Bomba Herbal Renacer";"SAGRADA MADRE";"UNIDAD";4;0,08;" $672,88 ";" $560,73 ";" $448,58 "
"SMBAH3";"Bomba Herbal Destrabar";"SAGRADA MADRE";"UNIDAD";4;0,08;" $672,88 ";" $560,73 ";" $448,58 "
"SMBAH4";"Bomba Herbal Fortuna";"SAGRADA MADRE";"UNIDAD";4;0,08;" $672,88 ";" $560,73 ";" $448,58 "
"SMBAH5";"Bomba Herbal Amor";"SAGRADA MADRE";"UNIDAD";4;0,08;" $672,88 ";" $560,73 ";" $448,58 "
"SMBAH6";"Bomba Herbal Purificar";"SAGRADA MADRE";"UNIDAD";4;0,08;" $672,88 ";" $560,73 ";" $448,58 "
"SMBAH7";"Bomba Herbal Limpiar";"SAGRADA MADRE";"UNIDAD";4;0,08;" $672,88 ";" $560,73 ";" $448,58 "
"SMBAH8";"Bomba Herbal 7 Poderes";"SAGRADA MADRE";"UNIDAD";4;0,08;" $672,88 ";" $560,73 ";" $448,58 "
"SMBHX3G1";"Bomba Herbal XL x3gr Limpieza energetica";"SAGRADA MADRE";"UNIDAD";3;0,06;" $1.488,51 ";" $1.240,43 ";" $992,34 "
"SMBHX3G2";"Bomba Herbal XL x3gr Purificacion energetica";"SAGRADA MADRE";"UNIDAD";3;0,06;" $1.488,51 ";" $1.240,43 ";" $992,34 "
"SMPA1";"Perlas aromaticas Vainilla";"SAGRADA MADRE";"UNIDAD";12;0,24;" $23.743,66 ";" $19.786,38 ";" $15.829,11 "
"SMPA2";"Perlas aromaticas Frutilla";"SAGRADA MADRE";"UNIDAD";12;0,24;" $23.743,66 ";" $19.786,38 ";" $15.829,11 "
"SMPA3";"Perlas aromaticas Jazmin";"SAGRADA MADRE";"UNIDAD";12;0,24;" $23.743,66 ";" $19.786,38 ";" $15.829,11 "
"SMPA4";"Perlas aromaticas Lavanda";"SAGRADA MADRE";"UNIDAD";12;0,24;" $23.743,66 ";" $19.786,38 ";" $15.829,11 "
"SMPA5";"Perlas aromaticas Rosa";"SAGRADA MADRE";"UNIDAD";12;0,24;" $23.743,66 ";" $19.786,38 ";" $15.829,11 "
"SMPA6";"Perlas aromaticas Flores";"SAGRADA MADRE";"UNIDAD";12;0,24;" $23.743,66 ";" $19.786,38 ";" $15.829,11 "
"SMPA7";"Perlas aromaticas Coco";"SAGRADA MADRE";"UNIDAD";12;0,24;" $23.743,66 ";" $19.786,38 ";" $15.829,11 "
"SMPA8";"Perlas aromaticas Primavera";"SAGRADA MADRE";"UNIDAD";12;0,24;" $23.743,66 ";" $19.786,38 ";" $15.829,11 "
"SMPA9";"Perlas aromaticas Limon";"SAGRADA MADRE";"UNIDAD";12;0,24;" $23.743,66 ";" $19.786,38 ";" $15.829,11 "
"SMPA10";"Perlas aromaticas Hindu";"SAGRADA MADRE";"UNIDAD";12;0,24;" $23.743,66 ";" $19.786,38 ";" $15.829,11 "
"SMPA11";"Perlas aromaticas Reina de la noche";"SAGRADA MADRE";"UNIDAD";12;0,24;" $23.743,66 ";" $19.786,38 ";" $15.829,11 "
"SMPA12";"Perlas aromaticas Sandalo";"SAGRADA MADRE";"UNIDAD";12;0,24;" $23.743,66 ";" $19.786,38 ";" $15.829,11 "
"SMPA13";"Perlas aromaticas Surtidas - 1 de cada aroma";"SAGRADA MADRE";"UNIDAD";12;0,24;" $23.743,66 ";" $19.786,38 ";" $15.829,11 "
"SMSC1";"Sahumo chico Limpieza energetica";"SAGRADA MADRE";"UNIDAD";1;0,1;" $1.211,96 ";" $1.009,97 ";" $807,97 "
"SMSD1";"Sahumerio duo 7 Poderes-Renacer";"SAGRADA MADRE";"UNIDAD";6;0,06;" $1.837,39 ";" $1.531,16 ";" $1.224,93 "
"SMSD2";"Sahumerio duo Fortuna-Purificacion";"SAGRADA MADRE";"UNIDAD";6;0,06;" $1.837,39 ";" $1.531,16 ";" $1.224,93 "
"SMSD3";"Sahumerio duo Limpieza-Armonia";"SAGRADA MADRE";"UNIDAD";6;0,06;" $1.837,39 ";" $1.531,16 ";" $1.224,93 "
"SMSD4";"Sahumerio duo Sanar-Destrabar";"SAGRADA MADRE";"UNIDAD";6;0,06;" $1.837,39 ";" $1.531,16 ";" $1.224,93 "
"SMEL1";"Sahumerio Energia limpia Revitalizar";"SAGRADA MADRE";"UNIDAD";4;0,04;" $1.549,65 ";" $1.291,38 ";" $1.033,10 "
"SMEL2";"Sahumerio Energia limpia Armonizar";"SAGRADA MADRE";"UNIDAD";4;0,04;" $1.549,65 ";" $1.291,38 ";" $1.033,10 "
"SMEL3";"Sahumerio Energia limpia Renacer";"SAGRADA MADRE";"UNIDAD";4;0,04;" $1.549,65 ";" $1.291,38 ";" $1.033,10 "
"SMEL4";"Sahumerio Energia limpia Sanar";"SAGRADA MADRE";"UNIDAD";4;0,04;" $1.549,65 ";" $1.291,38 ";" $1.033,10 "
"SMOL111";"Oleum Equilibrio x 10 ml";"SAGRADA MADRE";"UNIDAD";1;0,1;" $8.733,78 ";" $7.278,15 ";" $5.822,52 "
"SMOL12";"Oleum Revitalizante x 10 ml";"SAGRADA MADRE";"UNIDAD";1;0,1;" $8.733,78 ";" $7.278,15 ";" $5.822,52 "
"SMOL123";"Oleum Purificacion x 10 ml";"SAGRADA MADRE";"UNIDAD";1;0,1;" $11.170,82 ";" $9.309,02 ";" $7.447,22 "
"SMOL13";"Oleum Relajante x 10 ml";"SAGRADA MADRE";"UNIDAD";1;0,1;" $8.733,78 ";" $7.278,15 ";" $5.822,52 "
"SMOL13A";"Oleum Concentracion x 10 ml";"SAGRADA MADRE";"UNIDAD";1;0,1;" $11.170,82 ";" $9.309,02 ";" $7.447,22 "
"SMOL21";"Oleum Calma x 10 ml";"SAGRADA MADRE";"UNIDAD";1;0,1;" $8.733,78 ";" $7.278,15 ";" $5.822,52 "
"SMOL2111";"Oleum Armonia x 10 ml";"SAGRADA MADRE";"UNIDAD";1;0,1;" $11.170,82 ";" $9.309,02 ";" $7.447,22 "
"SMOL22";"Oleum Afrodisiaco x 10 ml";"SAGRADA MADRE";"UNIDAD";1;0,1;" $8.733,78 ";" $7.278,15 ";" $5.822,52 "
"SMOL221";"Oleum Limpieza energetica x 10 ml";"SAGRADA MADRE";"UNIDAD";1;0,1;" $11.170,82 ";" $9.309,02 ";" $7.447,22 "
"SMOL22A";"Oleum Energia renovada x 10 ml";"SAGRADA MADRE";"UNIDAD";1;0,1;" $8.733,78 ";" $7.278,15 ";" $5.822,52 "
"SMOL311";"Oleum Amor x 10 ml";"SAGRADA MADRE";"UNIDAD";1;0,1;" $11.170,82 ";" $9.309,02 ";" $7.447,22 "
"SMSEP1";"Sahumerio en polvo Jazmin 60gr";"SAGRADA MADRE";"UNIDAD";1;0,01;" $1.791,81 ";" $1.493,18 ";" $1.194,54 "
"SMSEP2";"Sahumerio en polvo Vainilla 60gr";"SAGRADA MADRE";"UNIDAD";1;0,01;" $1.791,81 ";" $1.493,18 ";" $1.194,54 "
"SMSEP3";"Sahumerio en polvo Lavanda 60gr";"SAGRADA MADRE";"UNIDAD";1;0,01;" $1.791,81 ";" $1.493,18 ";" $1.194,54 "
"SMSEP4";"Sahumerio en polvo Sandalo 60gr";"SAGRADA MADRE";"UNIDAD";1;0,01;" $1.791,81 ";" $1.493,18 ";" $1.194,54 "
"SMSEP5";"Sahumerio en polvo 7 Poderes 60gr";"SAGRADA MADRE";"UNIDAD";1;0,01;" $1.791,81 ";" $1.493,18 ";" $1.194,54 "
"SMSEP6";"Sahumerio en polvo Limpieza energetica 60gr";"SAGRADA MADRE";"UNIDAD";1;0,01;" $1.791,81 ";" $1.493,18 ";" $1.194,54 "
"SMSEP7";"Sahumerio en polvo Yagra 60gr";"SAGRADA MADRE";"UNIDAD";1;0,01;" $1.791,81 ";" $1.493,18 ";" $1.194,54 "
"SMSEP8";"Sahumerio en polvo Alcanfor 60gr";"SAGRADA MADRE";"UNIDAD";1;0,01;" $1.791,81 ";" $1.493,18 ";" $1.194,54 "
"SMSEP9";"Sahumerio en polvo Benjui 60gr";"SAGRADA MADRE";"UNIDAD";1;0,01;" $1.791,81 ";" $1.493,18 ";" $1.194,54 "
"SMSEP10";"Sahumerio en polvo Rosa 60gr";"SAGRADA MADRE";"UNIDAD";1;0,01;" $1.791,81 ";" $1.493,18 ";" $1.194,54 "
"SMSEP11";"Sahumerio en polvo Citronella 60gr";"SAGRADA MADRE";"UNIDAD";1;0,01;" $1.791,81 ";" $1.493,18 ";" $1.194,54 "
"SMSEP12";"Sahumerio en polvo Palo santo 60gr";"SAGRADA MADRE";"UNIDAD";1;0,01;" $1.791,81 ";" $1.493,18 ";" $1.194,54 "
"SMSB1";"Sahumerio botanico- Gardenias-calendula";"SAGRADA MADRE";"UNIDAD";6;0,06;" $1.756,03 ";" $1.463,36 ";" $1.170,69 "
"SMSB2";"Sahumerio botanico- Jazmin-Rosas";"SAGRADA MADRE";"UNIDAD";6;0,06;" $1.756,03 ";" $1.463,36 ";" $1.170,69 "
"SMSB3";"Sahumerio botanico- Lavanda-Rosas";"SAGRADA MADRE";"UNIDAD";6;0,06;" $1.756,03 ";" $1.463,36 ";" $1.170,69 "
"SMSB4";"Sahumerio botanico- Te verde-Flor de champa";"SAGRADA MADRE";"UNIDAD";6;0,06;" $1.756,03 ";" $1.463,36 ";" $1.170,69 "
"SMSB5";"Sahumerio botanico- Magnolia";"SAGRADA MADRE";"UNIDAD";6;0,06;" $1.756,03 ";" $1.463,36 ";" $1.170,69 "
"SMSB6";"Sahumerio botanico- Fresias";"SAGRADA MADRE";"UNIDAD";6;0,06;" $1.756,03 ";" $1.463,36 ";" $1.170,69 "
"SMSB7";"Sahumerio botanico- Nardo incienso";"SAGRADA MADRE";"UNIDAD";6;0,06;" $1.756,03 ";" $1.463,36 ";" $1.170,69 "
"SMSB8";"Sahumerio botanico- Clavo de olor";"SAGRADA MADRE";"UNIDAD";6;0,06;" $1.756,03 ";" $1.463,36 ";" $1.170,69 "
"SMS5E1";"Sahumerio 5 Elementos - Alegria";"SAGRADA MADRE";"UNIDAD";6;0,06;" $1.468,10 ";" $1.223,42 ";" $978,73 "
"SMS5E2";"Sahumerio 5 Elementos - Armonia";"SAGRADA MADRE";"UNIDAD";6;0,06;" $1.468,10 ";" $1.223,42 ";" $978,73 "
"SMS5E3";"Sahumerio 5 Elementos - Claridad";"SAGRADA MADRE";"UNIDAD";6;0,06;" $1.468,10 ";" $1.223,42 ";" $978,73 "
"SMS5E4";"Sahumerio 5 Elementos - Fuego";"SAGRADA MADRE";"UNIDAD";6;0,06;" $1.468,10 ";" $1.223,42 ";" $978,73 "
"SMS5E5";"Sahumerio 5 Elementos - Renacer";"SAGRADA MADRE";"UNIDAD";6;0,06;" $1.468,10 ";" $1.223,42 ";" $978,73 "
"SMSMBM";"Sahumerio Maha Blend Masala";"SAGRADA MADRE";"UNIDAD";8;0,08;" $3.132,25 ";" $2.610,21 ";" $2.088,17 "
"SMSY1";"Sahumerio Yagra - Violetas  lavanda";"SAGRADA MADRE";"UNIDAD";6;0,06;" $2.069,54 ";" $1.724,62 ";" $1.379,70 "
"SMSY2";"Sahumerio Yagra - Rosas y vainilla";"SAGRADA MADRE";"UNIDAD";6;0,06;" $2.069,54 ";" $1.724,62 ";" $1.379,70 "
"SMSY3";"Sahumerio Yagra - Orquideas y laurel";"SAGRADA MADRE";"UNIDAD";6;0,06;" $2.069,54 ";" $1.724,62 ";" $1.379,70 "
"SMSY4";"Sahumerio Yagra - Manzanilla y olibano";"SAGRADA MADRE";"UNIDAD";6;0,06;" $2.069,54 ";" $1.724,62 ";" $1.379,70 "
"SMPSOM";"Porta sahumerio OM ";"SAGRADA MADRE";"UNIDAD";1;0,03;" $-   ";" $-   ";" $-   "
"SMPSWOOD";"Porta sahumerio WOOD";"SAGRADA MADRE";"UNIDAD";1;0,03;" $3.938,26 ";" $3.281,89 ";" $2.625,51 "
"SMSSC";"Sahumador Sagrado Color";"SAGRADA MADRE";"UNIDAD";1;0,1;" $-   ";" $-   ";" $-   "
"SMSCE";"Sahumador chico cemento";"SAGRADA MADRE";"UNIDAD";1;0,1;" $1.873,26 ";" $1.561,05 ";" $1.248,84 "
"SMSAX301";"Sahumerio Artesano - Palo santo";"SAGRADA MADRE";"UNIDAD";30;0,15;" $5.687,71 ";" $4.739,76 ";" $3.791,81 "
"SMSAX302";"Sahumerio Artesano - Palo santo / vainilla";"SAGRADA MADRE";"UNIDAD";30;0,15;" $5.687,71 ";" $4.739,76 ";" $3.791,81 "
"SMSAX303";"Sahumerio Artesano - Palo santo / rosa";"SAGRADA MADRE";"UNIDAD";30;0,15;" $5.687,71 ";" $4.739,76 ";" $3.791,81 "
"SMSAX304";"Sahumerio Artesano - Palo santo / lavanda";"SAGRADA MADRE";"UNIDAD";30;0,15;" $5.687,71 ";" $4.739,76 ";" $3.791,81 "
"SMSAX305";"Sahumerio Artesano - Palo santo / champa";"SAGRADA MADRE";"UNIDAD";30;0,15;" $5.687,71 ";" $4.739,76 ";" $3.791,81 "
"SMSAX306";"Sahumerio Artesano - Palo santo / jazmin";"SAGRADA MADRE";"UNIDAD";30;0,15;" $5.687,71 ";" $4.739,76 ";" $3.791,81 "
"SMSAX307";"Sahumerio Artesano - Palo santo / Jengibre";"SAGRADA MADRE";"UNIDAD";30;0,15;" $5.687,71 ";" $4.739,76 ";" $3.791,81 "
"SMSAX308";"Sahumerio Artesano - Copal";"SAGRADA MADRE";"UNIDAD";30;0,15;" $5.687,71 ";" $4.739,76 ";" $3.791,81 "
"SMSAX309";"Sahumerio Artesano - Lavanda";"SAGRADA MADRE";"UNIDAD";30;0,15;" $5.687,71 ";" $4.739,76 ";" $3.791,81 "
"SMSAX310";"Sahumerio Artesano - Flor arbol paraiso";"SAGRADA MADRE";"UNIDAD";30;0,15;" $5.687,71 ";" $4.739,76 ";" $3.791,81 "
"SMSAX311";"Sahumerio Artesano - Sangre de dragon";"SAGRADA MADRE";"UNIDAD";30;0,15;" $5.687,71 ";" $4.739,76 ";" $3.791,81 "
"SMSAX312";"Sahumerio Artesano - Ruda, romero incienso";"SAGRADA MADRE";"UNIDAD";30;0,15;" $5.687,71 ";" $4.739,76 ";" $3.791,81 "
"SMSAX313";"Sahumerio Artesano - Reina de la noche lavanda";"SAGRADA MADRE";"UNIDAD";30;0,15;" $5.687,71 ";" $4.739,76 ";" $3.791,81 "
"SMSAX314";"Sahumerio Artesano - Gardenias calendula";"SAGRADA MADRE";"UNIDAD";30;0,15;" $5.687,71 ";" $4.739,76 ";" $3.791,81 "
"SMSAX315";"Sahumerio Artesano - Incienso";"SAGRADA MADRE";"UNIDAD";30;0,15;" $5.687,71 ";" $4.739,76 ";" $3.791,81 "
"SMSAX316";"Sahumerio Artesano - Jazmin y rosas";"SAGRADA MADRE";"UNIDAD";30;0,15;" $5.687,71 ";" $4.739,76 ";" $3.791,81 "
"SMSAX317";"Sahumerio Artesano - Yagra";"SAGRADA MADRE";"UNIDAD";30;0,15;" $5.687,71 ";" $4.739,76 ";" $3.791,81 "
"SMSAX318";"Sahumerio Artesano - Te verde- Flor de champa";"SAGRADA MADRE";"UNIDAD";30;0,15;" $5.687,71 ";" $4.739,76 ";" $3.791,81 "
"SMSAX319";"Sahumerio Artesano - Citronella, Naranja palo santo";"SAGRADA MADRE";"UNIDAD";30;0,15;" $5.687,71 ";" $4.739,76 ";" $3.791,81 "
"SMSAX320";"Sahumerio Artesano - SÃ¡ndalo";"SAGRADA MADRE";"UNIDAD";30;0,15;" $5.687,71 ";" $4.739,76 ";" $3.791,81 "
"SMSAX321";"Sahumerio Artesano - Lemon Grass olibano";"SAGRADA MADRE";"UNIDAD";30;0,15;" $5.687,71 ";" $4.739,76 ";" $3.791,81 "
"SMSAX322";"Sahumerio Artesano - Rosa";"SAGRADA MADRE";"UNIDAD";30;0,15;" $5.687,71 ";" $4.739,76 ";" $3.791,81 "
"SMPSSTICK";"Palo Santo Stick Blend";"SAGRADA MADRE";"UNIDAD";1;0,1;" $1.599,20 ";" $1.332,67 ";" $1.066,13 "
"SMSPAV";"Sahumerio Patagonia - Algarroba y Vainilla";"SAGRADA MADRE";"UNIDAD";6;0,06;" $2.063,78 ";" $1.719,82 ";" $1.375,85 "
"SMSPH";"Sahumerio Patagonia - Hibiscus";"SAGRADA MADRE";"UNIDAD";6;0,06;" $2.063,78 ";" $1.719,82 ";" $1.375,85 "
"SMSPHMM";"Sahumerio Patagonia - Hierba Mate y menta";"SAGRADA MADRE";"UNIDAD";6;0,06;" $2.063,78 ";" $1.719,82 ";" $1.375,85 "
"SMSPLS";"Sahumerio Patagonia - Lavanda silvestre";"SAGRADA MADRE";"UNIDAD";6;0,06;" $2.063,78 ";" $1.719,82 ";" $1.375,85 "
"SMSPL";"Sahumerio Patagonia - Limon";"SAGRADA MADRE";"UNIDAD";6;0,06;" $2.063,78 ";" $1.719,82 ";" $1.375,85 "
"SMSPRS";"Sahumerio Patagonia - Rosa mosqueta";"SAGRADA MADRE";"UNIDAD";6;0,06;" $2.063,78 ";" $1.719,82 ";" $1.375,85 "
"SMSPN";"Sahumerio Patagonia - Neroli";"SAGRADA MADRE";"UNIDAD";6;0,06;" $2.063,78 ";" $1.719,82 ";" $1.375,85 "
"SMSPNV";"Sahumerio Patagonia - Naranja vainilla";"SAGRADA MADRE";"UNIDAD";6;0,06;" $2.063,78 ";" $1.719,82 ";" $1.375,85 "
"SMSPR";"Sahumerio Patagonia - Ruda";"SAGRADA MADRE";"UNIDAD";6;0,06;" $2.116,09 ";" $1.763,41 ";" $1.410,73 "
"SMSPT";"Sahumerio Patagonia - Tilo";"SAGRADA MADRE";"UNIDAD";6;0,06;" $2.116,09 ";" $1.763,41 ";" $1.410,73 "
"SMSPP";"Sahumerio Patagonia - Palmarosa";"SAGRADA MADRE";"UNIDAD";6;0,06;" $2.063,78 ";" $1.719,82 ";" $1.375,85 "
"SMSPJ";"Sahumerio Patagonia - Jazmin";"SAGRADA MADRE";"UNIDAD";6;0,06;" $2.063,78 ";" $1.719,82 ";" $1.375,85 "
"CSRF05";"Sal rosada x 1/2 kg FINA";"SAGRADA MADRE";"UNIDAD";0,5;0,5;" $1.267,50 ";" $1.056,25 ";" $845,00 "
"CSRG05";"Sal rosada x 1/2 kg GRUESA";"SAGRADA MADRE";"UNIDAD";0,5;0,5;" $1.462,50 ";" $1.218,75 ";" $975,00 "
"SMPAC";"COPALERA ANCESTRAL CHICA";"SAGRADA MADRE";"UNIDAD";1;0,5;" $3.696,79 ";" $3.080,66 ";" $2.464,52 "
"SMPAG";"COPALERA ANCESTRAL GRANDE";"SAGRADA MADRE";"UNIDAD";1;0,5;" $3.510,18 ";" $2.925,15 ";" $2.340,12 "
"SMPMT";"COPALERA MADRE TIERRA";"SAGRADA MADRE";"UNIDAD";1;0,5;" $3.690,19 ";" $3.075,16 ";" $2.460,13 "
"SMC1";"CONOS ambar naranja ";"SAGRADA MADRE";"UNIDAD";8;0,08;" $2.980,08 ";" $2.483,40 ";" $1.986,72 "
"SMC2";"CONOS calÃ©ndula y romero";"SAGRADA MADRE";"UNIDAD";8;0,08;" $2.980,08 ";" $2.483,40 ";" $1.986,72 "
"SMC3";"CONOS canela y vainilla";"SAGRADA MADRE";"UNIDAD";8;0,08;" $2.980,08 ";" $2.483,40 ";" $1.986,72 "
"SMC4";"CONOS lavanda y violeta";"SAGRADA MADRE";"UNIDAD";8;0,08;" $2.980,08 ";" $2.483,40 ";" $1.986,72 "
"SMC5";"CONOS pachuli y palo santo";"SAGRADA MADRE";"UNIDAD";8;0,08;" $2.980,08 ";" $2.483,40 ";" $1.986,72 "
"SMC6";"CONOS petalos de rosa";"SAGRADA MADRE";"UNIDAD";8;0,08;" $2.980,08 ";" $2.483,40 ";" $1.986,72 "
"SMC7";"CONOS sÃ¡ndalo y copal";"SAGRADA MADRE";"UNIDAD";8;0,08;" $2.980,08 ";" $2.483,40 ";" $1.986,72 "
"SMC8";"CONOS yagra y sÃ¡ndalo";"SAGRADA MADRE";"UNIDAD";8;0,08;" $2.980,08 ";" $2.483,40 ";" $1.986,72 "
"SMKT";"Kit TURMALINA";"SAGRADA MADRE";"UNIDAD";1;1;" $11.064,01 ";" $9.220,01 ";" $7.376,00 "
"SMSGBM";"Sahumerio Gaia Blend Masala";"SAGRADA MADRE";"UNIDAD";8;0,08;" $3.132,25 ";" $2.610,21 ";" $2.088,17 "
"SMSLC1";"Sahumerio PURPLE HINDU KUSH";"SAGRADA MADRE";"UNIDAD";8;0,08;" $2.116,09 ";" $1.763,41 ";" $1.410,73 "
"SMSLC2";"Sahumerio SATIVA LEMON HAZE";"SAGRADA MADRE";"UNIDAD";8;0,08;" $2.116,09 ";" $1.763,41 ";" $1.410,73 "
"SMTH1";"Torre hindu sagrada";"SAGRADA MADRE";"UNIDAD";1;1;" $21.288,54 ";" $17.740,45 ";" $14.192,36 "
